"path","platform","width","height","locale","source","rights_status","evidence","status","generated_utc","sha256","pixel_format"
"store_assets/evidence/screenshots/epic15_evidence_en_recipe_library.png","cross_platform","1080","1920","en","actual_production_flutter_capture","BIL_OWNED_OR_ORIGINAL_GENERATED_FOR_BIL","test/epic15_store_screenshot_golden_test.dart","PASS","2026-08-05T10:07:34.7317090Z","aeec94132df2aa2088fc272cd027d6a23a69efdf9a6e1375d8be76bbb30ba7ee","Format24bppRgb"
"store_assets/evidence/screenshots/epic15_evidence_en_workout_library.png","cross_platform","1080","1920","en","actual_production_flutter_capture","BIL_OWNED_OR_ORIGINAL_GENERATED_FOR_BIL","test/epic15_store_screenshot_golden_test.dart","PASS","2026-08-05T10:07:34.7546267Z","9d8a12b8b9dea302b34e7f46df3df3db6315777069f0b60b9d4a6593bc27a6b8","Format24bppRgb"
"store_assets/graphics/brand/bil_emblem_master.png","cross_platform","1024","1024","global","approved_BIL_source_asset","BIL_OWNED_OR_ORIGINAL_GENERATED_FOR_BIL","docs/release/BIL_EPIC15_CONTENT_RIGHTS.json","PASS","2026-08-05T10:07:34.7656233Z","5bf3216e7fa44f340ab4420efd0709043a77ae282c2aef390677bc5b99c90754","Format24bppRgb"
"store_assets/graphics/brand/bil_horizontal_dark.png","cross_platform","1600","900","global","approved_BIL_source_asset","BIL_OWNED_OR_ORIGINAL_GENERATED_FOR_BIL","docs/release/BIL_EPIC15_CONTENT_RIGHTS.json","PASS","2026-08-05T10:07:34.7780855Z","10ac6e1b857d1825fba7939478e08d61b91f5cf8e1773e066457b711e2e76652","Format24bppRgb"
"store_assets/graphics/brand/bil_horizontal_light.png","cross_platform","1600","900","global","approved_BIL_source_asset","BIL_OWNED_OR_ORIGINAL_GENERATED_FOR_BIL","docs/release/BIL_EPIC15_CONTENT_RIGHTS.json","PASS","2026-08-05T10:07:34.7850767Z","088452a7ecdf3eb8910635926d700a7134d4d2461f782a471ec14302b641b933","Format24bppRgb"
"store_assets/graphics/google_play/feature_graphic.png","google_play","1024","500","global","original_generated_for_BIL","BIL_OWNED_OR_ORIGINAL_GENERATED_FOR_BIL","docs/release/BIL_EPIC15_CONTENT_RIGHTS.json","PASS","2026-08-05T10:07:34.7910628Z","c79b06d7aa7262b10a625da5df46d6d900276ab64ca8637c65f3fac375e4defe","Format24bppRgb"
"store_assets/graphics/google_play/play_icon_512.png","google_play","512","512","global","approved_BIL_source_asset","BIL_OWNED_OR_ORIGINAL_GENERATED_FOR_BIL","docs/release/BIL_EPIC15_CONTENT_RIGHTS.json","PASS","2026-08-05T10:07:34.7950678Z","7b3acedc36b3d119c451f3f53865e7f7f1593c1d0514e3ee2fd69c19ed8f2294","Format32bppArgb"
"store_assets/graphics/plans/free.png","cross_platform","1080","1440","global","original_generated_for_BIL","BIL_OWNED_OR_ORIGINAL_GENERATED_FOR_BIL","docs/release/BIL_EPIC15_CONTENT_RIGHTS.json","PASS","2026-08-05T10:07:34.8060712Z","e4babbc6a121a90da43ff9a3dc322b4f62b4a937987485a2cb22f7099c5eb235","Format24bppRgb"
"store_assets/graphics/plans/plus.png","cross_platform","1080","1440","global","original_generated_for_BIL","BIL_OWNED_OR_ORIGINAL_GENERATED_FOR_BIL","docs/release/BIL_EPIC15_CONTENT_RIGHTS.json","PASS","2026-08-05T10:07:34.8200665Z","0d20ee7d2e431b8e7d52fdde8363338de13c42cc17aabb5a8b6a842362f404b6","Format24bppRgb"
"store_assets/graphics/plans/pro.png","cross_platform","1080","1440","global","original_generated_for_BIL","BIL_OWNED_OR_ORIGINAL_GENERATED_FOR_BIL","docs/release/BIL_EPIC15_CONTENT_RIGHTS.json","PASS","2026-08-05T10:07:34.8343698Z","1ec86129d4f784a1110f379616e45723bf3c59be66b6145b589c7763b233f86a","Format24bppRgb"
"store_assets/graphics/product/body_twin.png","cross_platform","779","1451","global","approved_BIL_source_asset","BIL_OWNED_OR_ORIGINAL_GENERATED_FOR_BIL","docs/release/BIL_EPIC15_CONTENT_RIGHTS.json","PASS","2026-08-05T10:07:34.8489288Z","2952042311a4d188316015f6acc202458c7b9c001ca7f1c2419eb6497e1d4c68","Format32bppArgb"
"store_assets/graphics/product/connected_devices.png","cross_platform","1536","1024","global","approved_BIL_source_asset","BIL_OWNED_OR_ORIGINAL_GENERATED_FOR_BIL","docs/release/BIL_EPIC15_CONTENT_RIGHTS.json","PASS","2026-08-05T10:07:34.8599349Z","d5032202b72a8ac054a6d9be6fd3ae71b9844bb32d32d6235446f42ab15391e5","Format32bppArgb"
"store_assets/graphics/product/legacy_onboarding_hero.png","cross_platform","1024","1792","global","approved_BIL_source_asset","BIL_OWNED_OR_ORIGINAL_GENERATED_FOR_BIL","docs/release/BIL_EPIC15_CONTENT_RIGHTS.json","PASS","2026-08-05T10:07:34.8759281Z","ecce3f69e65832795c27e4e7a54d43bc808db02539db823707ef5c3869dbb337","Format24bppRgb"
"store_assets/graphics/product/onboarding_hero.png","cross_platform","1024","1792","global","approved_BIL_source_asset","BIL_OWNED_OR_ORIGINAL_GENERATED_FOR_BIL","docs/release/BIL_EPIC15_CONTENT_RIGHTS.json","PASS","2026-08-05T10:07:34.8939332Z","ecce3f69e65832795c27e4e7a54d43bc808db02539db823707ef5c3869dbb337","Format24bppRgb"
"store_assets/graphics/product/recipe_protein_bowl.png","cross_platform","1448","1086","global","approved_BIL_source_asset","BIL_OWNED_OR_ORIGINAL_GENERATED_FOR_BIL","docs/release/BIL_EPIC15_CONTENT_RIGHTS.json","PASS","2026-08-05T10:07:34.9219317Z","4ebd116c12283c08672617281bc1ab0bd2b2da4504e35b5dae83d5730343fbe7","Format24bppRgb"
"store_assets/graphics/product/splash_master.png","cross_platform","1024","1792","global","approved_BIL_source_asset","BIL_OWNED_OR_ORIGINAL_GENERATED_FOR_BIL","docs/release/BIL_EPIC15_CONTENT_RIGHTS.json","PASS","2026-08-05T10:07:34.9389346Z","cc0646240dca90d89762c1bcee2ea5aa9f5a99159b0237e66fa7959edd8773d6","Format24bppRgb"
"store_assets/graphics/product/workout_strength.png","cross_platform","1448","1086","global","approved_BIL_source_asset","BIL_OWNED_OR_ORIGINAL_GENERATED_FOR_BIL","docs/release/BIL_EPIC15_CONTENT_RIGHTS.json","PASS","2026-08-05T10:07:34.9639694Z","a60820c31308e13d4fa5b8d07fa9331ed2a8478fe66a77cc5402882694633040","Format24bppRgb"
"store_assets/screenshots/apple/epic15_iphone_69_ar_00_onboarding.png","apple","1290","2796","ar","actual_production_flutter_capture","BIL_OWNED_OR_ORIGINAL_GENERATED_FOR_BIL","test/epic15_store_screenshot_golden_test.dart","PASS","2026-08-05T10:07:34.9829297Z","1b4cc99071c8a7a962936243475c94fb53e0921b57dbfa2433fc822309b1b876","Format24bppRgb"
"store_assets/screenshots/apple/epic15_iphone_69_ar_01_dashboard.png","apple","1290","2796","ar","actual_production_flutter_capture","BIL_OWNED_OR_ORIGINAL_GENERATED_FOR_BIL","test/epic15_store_screenshot_golden_test.dart","PASS","2026-08-05T10:07:34.9959596Z","8f76a7801aa44f77f05643b103add427982c529c34a62ef1e3189335f440324b","Format24bppRgb"
"store_assets/screenshots/apple/epic15_iphone_69_ar_02_daily_log.png","apple","1290","2796","ar","actual_production_flutter_capture","BIL_OWNED_OR_ORIGINAL_GENERATED_FOR_BIL","test/epic15_store_screenshot_golden_test.dart","PASS","2026-08-05T10:07:35.0039353Z","b033cdff5af3648f0e939afa7974586db05350541ade7f33fd9e8f987254b5a0","Format24bppRgb"
"store_assets/screenshots/apple/epic15_iphone_69_ar_025_food_search.png","apple","1290","2796","ar","actual_production_flutter_capture","BIL_OWNED_OR_ORIGINAL_GENERATED_FOR_BIL","test/epic15_store_screenshot_golden_test.dart","PASS","2026-08-05T10:07:35.0218910Z","acb751e9948254c79a4aa6439b2908b825ceedb314c8c4a666c1b0cee006a8f0","Format24bppRgb"
"store_assets/screenshots/apple/epic15_iphone_69_ar_03_progress_dark.png","apple","1290","2796","ar","actual_production_flutter_capture","BIL_OWNED_OR_ORIGINAL_GENERATED_FOR_BIL","test/epic15_store_screenshot_golden_test.dart","PASS","2026-08-05T10:07:35.0378457Z","b5b65cd2ee86fa22521644b2f4b6c2360311e0d36a6ed26216a9d96c29ff7468","Format24bppRgb"
"store_assets/screenshots/apple/epic15_iphone_69_ar_04_plans.png","apple","1290","2796","ar","actual_production_flutter_capture","BIL_OWNED_OR_ORIGINAL_GENERATED_FOR_BIL","test/epic15_store_screenshot_golden_test.dart","PASS","2026-08-05T10:07:35.0479305Z","6687f647f7d7a038677b31a4209bf233d174c48344556ad4aec635e58e0530c8","Format24bppRgb"
"store_assets/screenshots/apple/epic15_iphone_69_ar_05_weekly_report.png","apple","1290","2796","ar","actual_production_flutter_capture","BIL_OWNED_OR_ORIGINAL_GENERATED_FOR_BIL","test/epic15_store_screenshot_golden_test.dart","PASS","2026-08-05T10:07:35.0558410Z","8f784d25d61d00ba448fc52291793b2e76ce14d12fda2701e9938a0ffae40c47","Format24bppRgb"
"store_assets/screenshots/apple/epic15_iphone_69_ar_06_connected_health.png","apple","1290","2796","ar","actual_production_flutter_capture","BIL_OWNED_OR_ORIGINAL_GENERATED_FOR_BIL","test/epic15_store_screenshot_golden_test.dart","PASS","2026-08-05T10:07:35.0659378Z","f3b86e79384bf3ba5c51c11b41180a956add972c3eeeacb932c687ca7057002b","Format24bppRgb"
"store_assets/screenshots/apple/epic15_iphone_69_ar_07_profile.png","apple","1290","2796","ar","actual_production_flutter_capture","BIL_OWNED_OR_ORIGINAL_GENERATED_FOR_BIL","test/epic15_store_screenshot_golden_test.dart","PASS","2026-08-05T10:07:35.0753330Z","62f9bb983f2712600d530247cdc2e3d7acbca41bd28458c694b59cc85c98ecd8","Format24bppRgb"
"store_assets/screenshots/apple/epic15_iphone_69_ar_08_privacy_settings_dark.png","apple","1290","2796","ar","actual_production_flutter_capture","BIL_OWNED_OR_ORIGINAL_GENERATED_FOR_BIL","test/epic15_store_screenshot_golden_test.dart","PASS","2026-08-05T10:07:35.0883417Z","37fda74c9fa9bf3ff7ca41352b95bb55e525561efc2f5d9c9dbc4b814609adcc","Format24bppRgb"
"store_assets/screenshots/apple/epic15_iphone_69_en_00_onboarding.png","apple","1290","2796","en","actual_production_flutter_capture","BIL_OWNED_OR_ORIGINAL_GENERATED_FOR_BIL","test/epic15_store_screenshot_golden_test.dart","PASS","2026-08-05T10:07:35.1085152Z","4f3679af16185fe902a937397a6380ad04381f9c60197d56d3d64def0ac8a513","Format24bppRgb"
"store_assets/screenshots/apple/epic15_iphone_69_en_01_dashboard.png","apple","1290","2796","en","actual_production_flutter_capture","BIL_OWNED_OR_ORIGINAL_GENERATED_FOR_BIL","test/epic15_store_screenshot_golden_test.dart","PASS","2026-08-05T10:07:35.1229855Z","499fadcd514563cd206715deb63f1c3eec1b3c32c1e7bed688a4554ab2bd728e","Format24bppRgb"
"store_assets/screenshots/apple/epic15_iphone_69_en_02_daily_log.png","apple","1290","2796","en","actual_production_flutter_capture","BIL_OWNED_OR_ORIGINAL_GENERATED_FOR_BIL","test/epic15_store_screenshot_golden_test.dart","PASS","2026-08-05T10:07:35.1330984Z","cc7f2ce96eb88723786b9348f1778c9af9fa2dabf58317314598b5bd5a593918","Format24bppRgb"
"store_assets/screenshots/apple/epic15_iphone_69_en_025_food_search.png","apple","1290","2796","en","actual_production_flutter_capture","BIL_OWNED_OR_ORIGINAL_GENERATED_FOR_BIL","test/epic15_store_screenshot_golden_test.dart","PASS","2026-08-05T10:07:35.1550853Z","4b9e904a3320446fbaea2bd2f555bd05ab2990d7645abbe891ec34ee9d2b08f4","Format24bppRgb"
"store_assets/screenshots/apple/epic15_iphone_69_en_03_progress.png","apple","1290","2796","en","actual_production_flutter_capture","BIL_OWNED_OR_ORIGINAL_GENERATED_FOR_BIL","test/epic15_store_screenshot_golden_test.dart","PASS","2026-08-05T10:07:35.1740634Z","e479841543a0cbd3b770ebf572efd94f62458d686de8bde72dd1479f55debac8","Format24bppRgb"
"store_assets/screenshots/apple/epic15_iphone_69_en_04_plans.png","apple","1290","2796","en","actual_production_flutter_capture","BIL_OWNED_OR_ORIGINAL_GENERATED_FOR_BIL","test/epic15_store_screenshot_golden_test.dart","PASS","2026-08-05T10:07:35.1870631Z","e13ae4925d0625559dd904b4b259026037fadb6b5f89d6221423a8ca5c859380","Format24bppRgb"
"store_assets/screenshots/apple/epic15_iphone_69_en_05_connected_health.png","apple","1290","2796","en","actual_production_flutter_capture","BIL_OWNED_OR_ORIGINAL_GENERATED_FOR_BIL","test/epic15_store_screenshot_golden_test.dart","PASS","2026-08-05T10:07:35.2000621Z","6bfaaba535f30c6892807e35feef49d8971bf9acfe3f8d721681d1a922d6f1f2","Format24bppRgb"
"store_assets/screenshots/apple/epic15_iphone_69_en_06_privacy_settings.png","apple","1290","2796","en","actual_production_flutter_capture","BIL_OWNED_OR_ORIGINAL_GENERATED_FOR_BIL","test/epic15_store_screenshot_golden_test.dart","PASS","2026-08-05T10:07:35.2160620Z","20f443b0a2fd5bda22b53c45269825c080752f14bf38805177622b8a85b1dca8","Format24bppRgb"
"store_assets/screenshots/apple/epic15_iphone_69_en_07_weekly_report.png","apple","1290","2796","en","actual_production_flutter_capture","BIL_OWNED_OR_ORIGINAL_GENERATED_FOR_BIL","test/epic15_store_screenshot_golden_test.dart","PASS","2026-08-05T10:07:35.2270621Z","a326c10011261b00db98c56282dd5a39537c0fc25ac4eff5ac3ed7ffd2392f3a","Format24bppRgb"
"store_assets/screenshots/apple/epic15_iphone_69_en_08_nutrition_pathways.png","apple","1290","2796","en","actual_production_flutter_capture","BIL_OWNED_OR_ORIGINAL_GENERATED_FOR_BIL","test/epic15_store_screenshot_golden_test.dart","PASS","2026-08-05T10:07:35.2450620Z","3e30e2e0d2a71f6d47659f1a6a494a99c9138b43d175d64effde477ebbc107d0","Format24bppRgb"
"store_assets/screenshots/apple/epic15_iphone_69_es_plans.png","apple","1290","2796","es","actual_production_flutter_capture","BIL_OWNED_OR_ORIGINAL_GENERATED_FOR_BIL","test/epic15_store_screenshot_golden_test.dart","PASS","2026-08-05T10:07:35.2580626Z","4466d32bc2388a8e49056fd981c4719f9223c8ce43f28467eb9bddbf4a3022cf","Format24bppRgb"
"store_assets/screenshots/apple/epic15_iphone_69_fr_plans.png","apple","1290","2796","fr","actual_production_flutter_capture","BIL_OWNED_OR_ORIGINAL_GENERATED_FOR_BIL","test/epic15_store_screenshot_golden_test.dart","PASS","2026-08-05T10:07:35.2700622Z","3ecb1797cc8ffb77f2399461ed031cc17bca20f7a9549626ed7d8193799b236e","Format24bppRgb"
"store_assets/screenshots/apple/epic15_iphone_69_tr_plans.png","apple","1290","2796","tr","actual_production_flutter_capture","BIL_OWNED_OR_ORIGINAL_GENERATED_FOR_BIL","test/epic15_store_screenshot_golden_test.dart","PASS","2026-08-05T10:07:35.2810620Z","559df402ef30585f36d573295bb652551aa6f3c2f01a0b3fca4ac2df0ae7f8a4","Format24bppRgb"
"store_assets/screenshots/google_play/epic15_android_phone_ar_00_onboarding.png","google_play","1080","1920","ar","actual_production_flutter_capture","BIL_OWNED_OR_ORIGINAL_GENERATED_FOR_BIL","test/epic15_store_screenshot_golden_test.dart","PASS","2026-08-05T10:07:35.2950613Z","d337741ef0a4108be5dd70c2f5186ba0dc2e3f9da05736bd35b1b15cef545690","Format24bppRgb"
"store_assets/screenshots/google_play/epic15_android_phone_ar_01_dashboard.png","google_play","1080","1920","ar","actual_production_flutter_capture","BIL_OWNED_OR_ORIGINAL_GENERATED_FOR_BIL","test/epic15_store_screenshot_golden_test.dart","PASS","2026-08-05T10:07:35.3050621Z","33e6fbb6c2ec4cda43d197020c2b208cdda4f6f4e6295878d0a05dfdade64584","Format24bppRgb"
"store_assets/screenshots/google_play/epic15_android_phone_ar_02_daily_log.png","google_play","1080","1920","ar","actual_production_flutter_capture","BIL_OWNED_OR_ORIGINAL_GENERATED_FOR_BIL","test/epic15_store_screenshot_golden_test.dart","PASS","2026-08-05T10:07:35.3110622Z","e8a07ba5631b5f3238b16e09c755c0101aca30a141d026f572d6dd9f26df2c00","Format24bppRgb"
"store_assets/screenshots/google_play/epic15_android_phone_ar_025_food_search.png","google_play","1080","1920","ar","actual_production_flutter_capture","BIL_OWNED_OR_ORIGINAL_GENERATED_FOR_BIL","test/epic15_store_screenshot_golden_test.dart","PASS","2026-08-05T10:07:35.3240620Z","f44c68a8811d7c7423ccebd8d8a746ce6d06e8651332638fe438190281eac6a1","Format24bppRgb"
"store_assets/screenshots/google_play/epic15_android_phone_ar_03_progress_dark.png","google_play","1080","1920","ar","actual_production_flutter_capture","BIL_OWNED_OR_ORIGINAL_GENERATED_FOR_BIL","test/epic15_store_screenshot_golden_test.dart","PASS","2026-08-05T10:07:35.3340620Z","18d74c1bc7c112d85cc8bd2e8e806e9c98fe5cb52cea5086ee6a52b8386f956e","Format24bppRgb"
"store_assets/screenshots/google_play/epic15_android_phone_ar_04_plans.png","google_play","1080","1920","ar","actual_production_flutter_capture","BIL_OWNED_OR_ORIGINAL_GENERATED_FOR_BIL","test/epic15_store_screenshot_golden_test.dart","PASS","2026-08-05T10:07:35.3420627Z","682638f76819e7e9520d0a69b505a5f9438238fd5e31e415b8db52f6252a4378","Format24bppRgb"
"store_assets/screenshots/google_play/epic15_android_phone_ar_05_weekly_report.png","google_play","1080","1920","ar","actual_production_flutter_capture","BIL_OWNED_OR_ORIGINAL_GENERATED_FOR_BIL","test/epic15_store_screenshot_golden_test.dart","PASS","2026-08-05T10:07:35.3470623Z","1ed8924e40a1ef4b38bee3cb94468237f03a65523380fa379f9402ec92dfe22c","Format24bppRgb"
"store_assets/screenshots/google_play/epic15_android_phone_ar_06_connected_health.png","google_play","1080","1920","ar","actual_production_flutter_capture","BIL_OWNED_OR_ORIGINAL_GENERATED_FOR_BIL","test/epic15_store_screenshot_golden_test.dart","PASS","2026-08-05T10:07:35.3530619Z","ef4fd09832699b54b7a6080fa742a656d06edcf987894cb82ccb6a96c548533e","Format24bppRgb"
"store_assets/screenshots/google_play/epic15_android_phone_en_00_onboarding.png","google_play","1080","1920","en","actual_production_flutter_capture","BIL_OWNED_OR_ORIGINAL_GENERATED_FOR_BIL","test/epic15_store_screenshot_golden_test.dart","PASS","2026-08-05T10:07:35.3660614Z","d4f8b38709265f5cbb8fb474c93fc7d4a8727bd09af1f6ec6a457b6ecb5dd1e7","Format24bppRgb"
"store_assets/screenshots/google_play/epic15_android_phone_en_01_dashboard.png","google_play","1080","1920","en","actual_production_flutter_capture","BIL_OWNED_OR_ORIGINAL_GENERATED_FOR_BIL","test/epic15_store_screenshot_golden_test.dart","PASS","2026-08-05T10:07:35.3760647Z","03300d3006c5dbeb0364c1fe94878ff6d3ab9707baa6660c98776a965507d15a","Format24bppRgb"
"store_assets/screenshots/google_play/epic15_android_phone_en_02_daily_log.png","google_play","1080","1920","en","actual_production_flutter_capture","BIL_OWNED_OR_ORIGINAL_GENERATED_FOR_BIL","test/epic15_store_screenshot_golden_test.dart","PASS","2026-08-05T10:07:35.3830647Z","1098173e80fee28917413c899ea304064e476e89cca3f20a2d6c197025f4c3ba","Format24bppRgb"
"store_assets/screenshots/google_play/epic15_android_phone_en_025_food_search.png","google_play","1080","1920","en","actual_production_flutter_capture","BIL_OWNED_OR_ORIGINAL_GENERATED_FOR_BIL","test/epic15_store_screenshot_golden_test.dart","PASS","2026-08-05T10:07:35.3960641Z","c7127e272268fb8a5b83ff81935abf427684f465d091f2ab72c505c3c926ae8a","Format24bppRgb"
"store_assets/screenshots/google_play/epic15_android_phone_en_03_progress.png","google_play","1080","1920","en","actual_production_flutter_capture","BIL_OWNED_OR_ORIGINAL_GENERATED_FOR_BIL","test/epic15_store_screenshot_golden_test.dart","PASS","2026-08-05T10:07:35.4050643Z","1e85781c46f04138715094f938ceae4b2d4f04943a6b3e2acd3998085eb14c05","Format24bppRgb"
"store_assets/screenshots/google_play/epic15_android_phone_en_04_plans.png","google_play","1080","1920","en","actual_production_flutter_capture","BIL_OWNED_OR_ORIGINAL_GENERATED_FOR_BIL","test/epic15_store_screenshot_golden_test.dart","PASS","2026-08-05T10:07:35.4140640Z","aa3a2fb56198e9790eeedebc3152554d4cdd4ecb1dbae096981a6e03d102e80b","Format24bppRgb"
"store_assets/screenshots/google_play/epic15_android_phone_en_05_connected_health.png","google_play","1080","1920","en","actual_production_flutter_capture","BIL_OWNED_OR_ORIGINAL_GENERATED_FOR_BIL","test/epic15_store_screenshot_golden_test.dart","PASS","2026-08-05T10:07:35.4210651Z","1b5b84605852224f5d486232c0f8044ba14fb880432d4183bd4b119cc15c1393","Format24bppRgb"
"store_assets/screenshots/google_play/epic15_android_phone_en_06_privacy_settings.png","google_play","1080","1920","en","actual_production_flutter_capture","BIL_OWNED_OR_ORIGINAL_GENERATED_FOR_BIL","test/epic15_store_screenshot_golden_test.dart","PASS","2026-08-05T10:07:35.4290650Z","fa1e646c52035d1ff3968467fa99d3a5d23fee44c0d316b761f906edfed3f950","Format24bppRgb"
"store_assets/screenshots/google_play/epic15_android_phone_es_plans.png","google_play","1080","1920","es","actual_production_flutter_capture","BIL_OWNED_OR_ORIGINAL_GENERATED_FOR_BIL","test/epic15_store_screenshot_golden_test.dart","PASS","2026-08-05T10:07:35.4380634Z","7cc11eb2f40cc59c8905b16e55b75c3640b848ca50ccdd001dc8c8ba3a91f686","Format24bppRgb"
"store_assets/screenshots/google_play/epic15_android_phone_fr_plans.png","google_play","1080","1920","fr","actual_production_flutter_capture","BIL_OWNED_OR_ORIGINAL_GENERATED_FOR_BIL","test/epic15_store_screenshot_golden_test.dart","PASS","2026-08-05T10:07:35.4470657Z","f4619dbf77d85a7feff3afe9706a2542499fbe1429eb4c1028dcc3e3c32a0892","Format24bppRgb"
"store_assets/screenshots/google_play/epic15_android_phone_tr_plans.png","google_play","1080","1920","tr","actual_production_flutter_capture","BIL_OWNED_OR_ORIGINAL_GENERATED_FOR_BIL","test/epic15_store_screenshot_golden_test.dart","PASS","2026-08-05T10:07:35.4540656Z","5bc2f631903d43a411b694084c5100991bdcaafaf073e67db01c9feb1da720c1","Format24bppRgb"
"store_assets/source/BIL-Brand-Assets-v1/01-bil-app-icon.png","cross_platform","1254","1254","global","approved_BIL_source_asset","BIL_OWNED_OR_ORIGINAL_GENERATED_FOR_BIL","docs/release/BIL_EPIC15_CONTENT_RIGHTS.json","PASS","2026-08-05T10:07:35.4720633Z","3d6e8ba919615efbcf416a7b79b7885a5697907cdbca985a18b8e33b84083c44","Format24bppRgb"
"store_assets/source/BIL-Brand-Assets-v1/02-bil-splash.png","cross_platform","941","1672","global","approved_BIL_source_asset","BIL_OWNED_OR_ORIGINAL_GENERATED_FOR_BIL","docs/release/BIL_EPIC15_CONTENT_RIGHTS.json","PASS","2026-08-05T10:07:35.4900635Z","3e3f8be9b40196ee0dd3b744cada2e8daccf3b8b07bfa2b9b757c237c850fdaf","Format24bppRgb"
"store_assets/source/BIL-Brand-Assets-v1/03-bil-horizontal-logo.png","cross_platform","1774","887","global","approved_BIL_source_asset","BIL_OWNED_OR_ORIGINAL_GENERATED_FOR_BIL","docs/release/BIL_EPIC15_CONTENT_RIGHTS.json","PASS","2026-08-05T10:07:35.5090655Z","81e575b47fc73486bd8e0e52df97e979b1d785c1dd546b96236865d231d12d17","Format24bppRgb"
"store_assets/source/BIL-Brand-Assets-v1/04-bil-onboarding-hero.png","cross_platform","941","1672","global","approved_BIL_source_asset","BIL_OWNED_OR_ORIGINAL_GENERATED_FOR_BIL","docs/release/BIL_EPIC15_CONTENT_RIGHTS.json","PASS","2026-08-05T10:07:35.5270636Z","c80264cb070f622915982a00cdd2306305913bd5799802407d5b3ccc2939bd24","Format24bppRgb"
"store_assets/source/BIL-Brand-Assets-v1/05-bil-store-feature-graphic.png","cross_platform","1795","876","global","approved_BIL_source_asset","BIL_OWNED_OR_ORIGINAL_GENERATED_FOR_BIL","docs/release/BIL_EPIC15_CONTENT_RIGHTS.json","PASS","2026-08-05T10:07:35.5480631Z","84d5e9a9eb51b4a3ba92d791da6ad63d88ddf3ffc7068bd70d4fa6b3d7f7fb82","Format24bppRgb"
"store_assets/source/BIL-Brand-Assets-v1/06-bil-free-plus-pro.png","cross_platform","1672","941","global","approved_BIL_source_asset","BIL_OWNED_OR_ORIGINAL_GENERATED_FOR_BIL","docs/release/BIL_EPIC15_CONTENT_RIGHTS.json","PASS","2026-08-05T10:07:35.5691532Z","46e89d19362614ef04a474391361e77966fea22014562c70bf7b0221b224dc69","Format24bppRgb"
