"image_number","file_name","sha256","size_bytes","source_archive","review_status"
"4821","IMG_4821.PNG","d85d04a9f73092d12ce6752135821faa68f8d6eba0c0f09e69294fd1c69d9131","1214495","C:\Users\HP 1040 G8\Downloads\New folder.zip","pending_visual_review"
"4822","IMG_4822.PNG","66b8b109005f67a36c218b04f90c1a0e1b1ee24c7b5d699bcde798de584b5c97","948855","C:\Users\HP 1040 G8\Downloads\New folder.zip","pending_visual_review"
"4823","IMG_4823.PNG","eb5a41e0e90f47e7fd220555baae4d618d2d277b53a0506d2335890174227f35","790043","C:\Users\HP 1040 G8\Downloads\New folder.zip","pending_visual_review"
"4824","IMG_4824.PNG","9d91f433952861f4b6f4679cbc493a29a5b2f849babe1e1b60bcac2bb3a35aef","1073818","C:\Users\HP 1040 G8\Downloads\New folder.zip","pending_visual_review"
"4825","IMG_4825.PNG","717e36767ec6470a63d2dca805cf9f7c151d811ae6e3fc63692b0b389deea588","1708737","C:\Users\HP 1040 G8\Downloads\New folder.zip","pending_visual_review"
"4826","IMG_4826.PNG","ccd3f1ada5f4a8a007a5d47eb898af02240c24d0b8e0c8d7e353487ca1a968bc","1389733","C:\Users\HP 1040 G8\Downloads\New folder.zip","pending_visual_review"
"4827","IMG_4827.PNG","8f4b7cf26a9721fde2111f73b24fb525104cf43b7f19c0c6ccc6de59e48e5efa","1364516","C:\Users\HP 1040 G8\Downloads\New folder.zip","pending_visual_review"
"4828","IMG_4828.PNG","ae3ceda1dd722e7550f2b2db0f6f32ddf2b5ba991cfd35911b063cb8a30eeb56","667877","C:\Users\HP 1040 G8\Downloads\New folder.zip","pending_visual_review"
"4829","IMG_4829.PNG","977dd4ea88574dc6b3c6f5077595661fdc9eba2cd6560d6b6f380f4db80f5485","684636","C:\Users\HP 1040 G8\Downloads\New folder.zip","pending_visual_review"
"4830","IMG_4830.PNG","e66f2a511daace0d33c95e83d232f237694ac20f859a532de1387be22f6db2d4","700867","C:\Users\HP 1040 G8\Downloads\New folder.zip","pending_visual_review"
"4831","IMG_4831.PNG","e15b7aeec13705d43a3b15de7bec63cba9917220b8f7009fe3f52babca7eb6a5","1593342","C:\Users\HP 1040 G8\Downloads\New folder.zip","pending_visual_review"
"4832","IMG_4832.PNG","8359753e002f04022e141f00e28c20e63d6d24bb41424d4e497a44b345ccdede","450395","C:\Users\HP 1040 G8\Downloads\New folder.zip","pending_visual_review"
"4833","IMG_4833.PNG","9cc41b1bc53f8f99e08330b316ca3da30f76ce18c59e13fe5abcdc8937a3c06c","6263700","C:\Users\HP 1040 G8\Downloads\New folder.zip","pending_visual_review"
"4834","IMG_4834.PNG","9862a5e915d63e7529b3c854eac76531df46339d2448c818ee892ac54f440193","5790319","C:\Users\HP 1040 G8\Downloads\New folder.zip","pending_visual_review"
"4835","IMG_4835.PNG","1c0f22b2e2f6ae71d0f39bb2bbb584066c5b948fc3b901d268c50a9fab10e43d","5885703","C:\Users\HP 1040 G8\Downloads\New folder.zip","pending_visual_review"
"4836","IMG_4836.PNG","2d4723bafa78373cb1a92856b992fa9c9504e7c2e231c9fdd4864aa40672894d","4504961","C:\Users\HP 1040 G8\Downloads\New folder.zip","pending_visual_review"
"4837","IMG_4837.PNG","2190956ae9debb57bcfedc36e817a7ad9b99f37c8c2863281bff138af7b47a09","4806385","C:\Users\HP 1040 G8\Downloads\New folder.zip","pending_visual_review"
"4838","IMG_4838.PNG","db9dbb546ede207f08b78aee5fe28079a84942d6ea1a5cdd7f2b1ccaeca69f37","4764172","C:\Users\HP 1040 G8\Downloads\New folder.zip","pending_visual_review"
"4839","IMG_4839.PNG","b5d0ecf781e5346789a28a376719a489657005bebc2dbd8e545df78600f22aef","5779707","C:\Users\HP 1040 G8\Downloads\New folder.zip","pending_visual_review"
"4840","IMG_4840.PNG","cef228c9ad7f68220c33a1d2f138481ad8cbf4a32131d909e0f5c9e9a06f46f8","3347149","C:\Users\HP 1040 G8\Downloads\New folder.zip","pending_visual_review"
"4841","IMG_4841.PNG","f713861a85a70a2dab935ae676832774ff04b0a0ac0a11b63ecd450ef1950291","4634863","C:\Users\HP 1040 G8\Downloads\New folder.zip","pending_visual_review"
"4842","IMG_4842.PNG","893fa53e1a6a42ee6971d87a89c1c682f769b6dc8997993e700cf6b0ecbd27ee","4860455","C:\Users\HP 1040 G8\Downloads\New folder.zip","pending_visual_review"
"4843","IMG_4843.PNG","ae6700792645d8175df9c90572bcda88929f9ae16e15f67eacaa75ac45c527e8","5175647","C:\Users\HP 1040 G8\Downloads\New folder.zip","pending_visual_review"
"4844","IMG_4844.PNG","00d8dd72786d637baa6a480e4c6a36fe50681fa2939d68008a13fdfe7d8b490b","5057025","C:\Users\HP 1040 G8\Downloads\New folder.zip","pending_visual_review"
"4845","IMG_4845.PNG","22023f0abcb81acf26edae85a5b650417090515a36169edf0353df34c114e4ba","4251100","C:\Users\HP 1040 G8\Downloads\New folder.zip","pending_visual_review"
"4846","IMG_4846.PNG","4589ca37dbb73ded5bee21a27e068a780350b6de2b096ebcfdd544b878664c3e","6079949","C:\Users\HP 1040 G8\Downloads\New folder.zip","pending_visual_review"
"4847","IMG_4847.PNG","f0a35f74522786efb2b37b6389a1c751d5c4caf7d5f92768dfe461d929298f14","5702486","C:\Users\HP 1040 G8\Downloads\New folder.zip","pending_visual_review"
"4848","IMG_4848.PNG","f9118115c08cf85b8e0d5be9126efc36b5451927248f19d0b6e1771ae4f0682b","5602815","C:\Users\HP 1040 G8\Downloads\New folder.zip","pending_visual_review"
"4849","IMG_4849.PNG","9db0a8fcdbc1a0856e91093ba7b78e45d86b71d568c334a8c6c87510d1d89a88","6990821","C:\Users\HP 1040 G8\Downloads\New folder.zip","pending_visual_review"
"4850","IMG_4850.PNG","cf5d9dcb2c7e3b9af1220d99c37ed0057cbcb02c1bb3aa4acc8aa333f2e3f1ed","1310700","C:\Users\HP 1040 G8\Downloads\New folder.zip","pending_visual_review"
"4851","IMG_4851.PNG","ee9ee5ad452957a866d756d4ec0315389eda7f59c74b2c648586b08e4692afd4","1286060","C:\Users\HP 1040 G8\Downloads\New folder.zip","pending_visual_review"
"4852","IMG_4852.PNG","6d81c689b2685f393277b6e8dae40448ce56ad5985578e9c421d62ffb4526457","4607697","C:\Users\HP 1040 G8\Downloads\New folder.zip","pending_visual_review"
"4853","IMG_4853.PNG","80d220c1f2f1bf5c4458d3d8335a3f3324fc415394ad98cd3ca5795f8a6fc85d","2580679","C:\Users\HP 1040 G8\Downloads\New folder.zip","pending_visual_review"
"4854","IMG_4854.PNG","80a4b0f28ba476c514df5e757a4bd1dc06c42ebeef38e0b8b62bc41054caad69","3867818","C:\Users\HP 1040 G8\Downloads\New folder.zip","pending_visual_review"
"4855","IMG_4855.PNG","e8e42801d68025760c74b0f94f437578f3b2de0327570e8ede6e092beece2511","3742309","C:\Users\HP 1040 G8\Downloads\New folder.zip","pending_visual_review"
"4856","IMG_4856.PNG","7ca91b5dcbdc5464fcb0f849c1adbfebb42c204ced705d88c033c9aeeaaca3f9","3552476","C:\Users\HP 1040 G8\Downloads\New folder.zip","pending_visual_review"
"4857","IMG_4857.PNG","d9b005b030fd549228ec4339b17a0c6a7ca85b007aed6699f3f47c385f87ab7d","3970355","C:\Users\HP 1040 G8\Downloads\New folder.zip","pending_visual_review"
"4858","IMG_4858.PNG","c7ceb6d954a88622d5e244652f77f5b3d3b744c296b6da5f133754bfb8f77bb1","1577956","C:\Users\HP 1040 G8\Downloads\New folder.zip","pending_visual_review"
"4859","IMG_4859.PNG","facc2570708bae830368f41539501c8dbb55523a540bcc17b4293db5be31af1e","1440224","C:\Users\HP 1040 G8\Downloads\New folder.zip","pending_visual_review"
"4860","IMG_4860.PNG","422b3bcc51fe64cbbd71b69259997cc2f2be376717e9f149819fe2a2ab5a3d7e","599771","C:\Users\HP 1040 G8\Downloads\New folder.zip","pending_visual_review"
"4861","IMG_4861.PNG","b1b674a5ae14f31453484511ac45aecc11f208f5b2b6b6872055ea9854b12d47","915540","C:\Users\HP 1040 G8\Downloads\New folder.zip","pending_visual_review"
"4862","IMG_4862.PNG","dc70cebda9447e91c0735ca1008d41c2476fd50e54b56a509daadae85add02f9","733184","C:\Users\HP 1040 G8\Downloads\New folder.zip","pending_visual_review"
"4863","IMG_4863.PNG","3fd8039f2965a7dedcf5a435113475d8f50104d718454441cb219b4ae02e78f6","641634","C:\Users\HP 1040 G8\Downloads\New folder.zip","pending_visual_review"
"4864","IMG_4864.PNG","c5dfed54a909a3d73bfdaa2fa54e2dbd42d2402b507969abc24c24628824f22b","605579","C:\Users\HP 1040 G8\Downloads\New folder.zip","pending_visual_review"
"4865","IMG_4865.PNG","f2d5309e958ba297eccb93e537bae9b940fcb33c3158bc8098cdbc299747d622","879090","C:\Users\HP 1040 G8\Downloads\New folder.zip","pending_visual_review"
"4866","IMG_4866.PNG","45705b64a751bdf23d11ed52355f183c764b525c823a8b1c8b1f7d52445cb703","208490","C:\Users\HP 1040 G8\Downloads\New folder.zip","pending_visual_review"
"4867","IMG_4867.PNG","e112550004682618ee08db357a4c9a0cf760fd36bd33652e1002511787d551a4","188022","C:\Users\HP 1040 G8\Downloads\New folder.zip","pending_visual_review"
"4868","IMG_4868.PNG","be381d09a0d812593ec0d5f0e8318e3f16c7feae1b4604f6753dd1b0721a2c64","225840","C:\Users\HP 1040 G8\Downloads\New folder.zip","pending_visual_review"
"4869","IMG_4869.PNG","4642194ca6668cb7265738382d1b4849a06bc5590af8827afbdb7cbe0991820c","341298","C:\Users\HP 1040 G8\Downloads\New folder.zip","pending_visual_review"
"4870","IMG_4870.PNG","ca964fa66d097f383ca50796744cf8fc31f288418b8ac00260f821ec0b75e38c","210865","C:\Users\HP 1040 G8\Downloads\New folder.zip","pending_visual_review"
"4871","IMG_4871.PNG","2dc667885709dcf44983811f619ff40cf26eb9d602979486ebe8d7e2242a0825","213392","C:\Users\HP 1040 G8\Downloads\New folder.zip","pending_visual_review"
"4872","IMG_4872.PNG","5e9ff8df79b1579e382ce18e36828454ff04368eaa509c3f4abf47c852c94547","199903","C:\Users\HP 1040 G8\Downloads\New folder.zip","pending_visual_review"
"4873","IMG_4873.PNG","f56a410f2254e08f7758f6f1c082ab5721fb12eb0c13429946fd336ef583e935","320182","C:\Users\HP 1040 G8\Downloads\New folder.zip","pending_visual_review"
"4874","IMG_4874.PNG","1c44bd79fdf3ae75128df3d742e8f8d22128625fb86b02a2ac119e1fbf14cdb5","309324","C:\Users\HP 1040 G8\Downloads\New folder.zip","pending_visual_review"
"4875","IMG_4875.PNG","6d52fe1bf240dc81eeb5346b924c0f3b9853a1de148bb729bd37679935991123","378658","C:\Users\HP 1040 G8\Downloads\New folder.zip","pending_visual_review"
"4876","IMG_4876.PNG","b1f741b64229bcb0b5f1e35d6d61d3b4646b64ec870a67da7b06ecbefecef158","258149","C:\Users\HP 1040 G8\Downloads\New folder.zip","pending_visual_review"
"4877","IMG_4877.PNG","5c1d91b57864cc47bd62d42258b434902b299bda866e2c8bc9b0a7b62cfb8275","300820","C:\Users\HP 1040 G8\Downloads\New folder.zip","pending_visual_review"
"4878","IMG_4878.PNG","02b0e506e1148c007eba48ffad6c58504b56e3ae4e989a695127d8cd71f3a056","544878","C:\Users\HP 1040 G8\Downloads\New folder.zip","pending_visual_review"
"4879","IMG_4879.PNG","7d83691f9cf2a0f4a51ff25c4f5949e4c49af42f7001d877fb8ff2d5f9bf3575","289201","C:\Users\HP 1040 G8\Downloads\New folder.zip","pending_visual_review"
"4880","IMG_4880.PNG","e9b79233fb951cdd719a1acc73a02a9817cbe483595eecc00c4256288d7c3306","375895","C:\Users\HP 1040 G8\Downloads\New folder.zip","pending_visual_review"
"4881","IMG_4881.PNG","207c1ee4164e15fae6d2093d5341b005fc572987856ff4e6ff24c5cfe2bf39ce","603207","C:\Users\HP 1040 G8\Downloads\New folder.zip","pending_visual_review"
"4882","IMG_4882.PNG","cf9c3a84ec02c0ce7d084bce9ea4943d93fa48c085529cbb197c034f2ce2b38c","636114","C:\Users\HP 1040 G8\Downloads\New folder.zip","pending_visual_review"
"4883","IMG_4883.PNG","c258c65a60b159effb2505a7e73dd3f137fb99912af60fa792d8ca3ec23782b1","615416","C:\Users\HP 1040 G8\Downloads\New folder.zip","pending_visual_review"
"4884","IMG_4884.PNG","eb9d213c46488f83b123f891892680021473a105ca8356dfbbac22aacccad2ae","603207","C:\Users\HP 1040 G8\Downloads\New folder.zip","pending_visual_review"
"4885","IMG_4885.PNG","35a5b015cf9eb8fd2d0401f373d7ffa560dd51f6a9542d26e8e9ad1f57df20cf","636459","C:\Users\HP 1040 G8\Downloads\New folder.zip","pending_visual_review"
"4886","IMG_4886.PNG","bbc5031463a9aadac178c578a4caea918171c07a88360240f39010f00960144c","615416","C:\Users\HP 1040 G8\Downloads\New folder.zip","pending_visual_review"
"4887","IMG_4887.PNG","102d4ca06d31e0d8e5e7734b720aafff1316d87d10c13afb0f6ab5b0c5aa56d0","289206","C:\Users\HP 1040 G8\Downloads\New folder.zip","pending_visual_review"
"4888","IMG_4888.PNG","89e04d03bf3062f16e6f12b1c94fa2081798e64bb11d101d031d840eb608bd9a","476738","C:\Users\HP 1040 G8\Downloads\New folder.zip","pending_visual_review"
"4889","IMG_4889.PNG","5720d25615ed907868916ee06017d309510d13f4fb87596a947f1976b6c82674","490872","C:\Users\HP 1040 G8\Downloads\New folder.zip","pending_visual_review"
"4890","IMG_4890.PNG","e25a8d8449e8192fb3eed6d8494000b36d90527a3debce2ca5ffe74cbd792ab3","940290","C:\Users\HP 1040 G8\Downloads\New folder.zip","pending_visual_review"
"4891","IMG_4891.PNG","a859db6bea06c249cca44869f29494d4435cc826ed1aaaa934ceecaba59c1309","284257","C:\Users\HP 1040 G8\Downloads\New folder.zip","pending_visual_review"
"4892","IMG_4892.PNG","067e227deebc2727ea37233ea1a174d6636155d37d49cc05dae406c5634adcdf","277910","C:\Users\HP 1040 G8\Downloads\New folder.zip","pending_visual_review"
"4893","IMG_4893.PNG","d4079823afe08472cbeb9e191516d03e8d316f293a4b9db05da20611854c56bd","1992834","C:\Users\HP 1040 G8\Downloads\New folder.zip","pending_visual_review"
"4894","IMG_4894.PNG","7a931b6d55acf485fd034b7f69a067fae005cae0276f985b8fc7f9865fc33083","1438724","C:\Users\HP 1040 G8\Downloads\New folder.zip","pending_visual_review"
"4895","IMG_4895.PNG","f38ea93e1128b31dcc0c69873e21d61630b1f0f7439dcf66d81f596e9bc466d4","298126","C:\Users\HP 1040 G8\Downloads\New folder.zip","pending_visual_review"
"4896","IMG_4896.PNG","b0b4720c239ed55e1aef20dbe3c6eaf6a14b7727e8bef5c4af713422e01cbb1b","444666","C:\Users\HP 1040 G8\Downloads\New folder.zip","pending_visual_review"
"4897","IMG_4897.PNG","f07ed8575fdd441a29dd7e044c545f08ad97f30fdd4df8e91ed4d1b23750dcb4","486871","C:\Users\HP 1040 G8\Downloads\New folder.zip","pending_visual_review"
"4898","IMG_4898.PNG","6f28be414c3394b06957f2fdc15f35623b4bbe6670ef58608b01c2205f734e92","467218","C:\Users\HP 1040 G8\Downloads\New folder.zip","pending_visual_review"
"4899","IMG_4899.PNG","d5dd11095b2540c0b2157f1e97bffd4c480af7b2ebbbf9df5d3a26bbd0aa7db2","462507","C:\Users\HP 1040 G8\Downloads\New folder.zip","pending_visual_review"
"4900","IMG_4900.PNG","e781bb1cd369599aa28344391863180ade26f4257fc0b7fed158754bca633551","482655","C:\Users\HP 1040 G8\Downloads\New folder.zip","pending_visual_review"
"4901","IMG_4901.PNG","14a53976dd1d119d8a2b78ee5cfd0f52cff711166220a3a2413a93e03f060dbe","460020","C:\Users\HP 1040 G8\Downloads\New folder.zip","pending_visual_review"
"4902","IMG_4902.PNG","45609655f8c53897b49b22f0fcf552b6ab45062dc4054d47a90dfc423a0203aa","451290","C:\Users\HP 1040 G8\Downloads\New folder.zip","pending_visual_review"
"4903","IMG_4903.PNG","c11feb6e5d7c3f12fa36d27b32eef7cdd8eb658cdcc710e0ea0fcac00397c7c5","456367","C:\Users\HP 1040 G8\Downloads\New folder.zip","pending_visual_review"
"4904","IMG_4904.PNG","50292fac21f9eac4859f30f9994db8cd0b7aa1cbf4507294d8e2392d1d1326bb","459407","C:\Users\HP 1040 G8\Downloads\New folder.zip","pending_visual_review"
"4905","IMG_4905.PNG","fc69809971f6620eb87cc86d4fc3ebe716d92fbcc023efa84a28c3e1565d0506","489710","C:\Users\HP 1040 G8\Downloads\New folder.zip","pending_visual_review"
"4906","IMG_4906.PNG","d35bc81dd42757cbddc9d3ac0f5eca7aca30c08707bc939437f7af36f7af2419","467259","C:\Users\HP 1040 G8\Downloads\New folder.zip","pending_visual_review"
"4907","IMG_4907.PNG","d7ade68d3aa9b82a5eee2cf0aca74eda84facbacb3d5539fd544155aa653e577","340659","C:\Users\HP 1040 G8\Downloads\New folder.zip","pending_visual_review"
"4908","IMG_4908.PNG","0cbc4c59deb707450c0aa45e391922e18aab9b34441e43daf549c4cc922cbd32","175660","C:\Users\HP 1040 G8\Downloads\New folder.zip","pending_visual_review"
"4909","IMG_4909.PNG","5414be8e1641b538beb6631db2a1bfa57e3a07c1c48f4f2cb22937bb5c50e612","941513","C:\Users\HP 1040 G8\Downloads\New folder.zip","pending_visual_review"
"4910","IMG_4910.PNG","99a67d81194a080b541b1674528b569cbad46c06eaf4cc9ff63de68bedf54257","1854983","C:\Users\HP 1040 G8\Downloads\New folder.zip","pending_visual_review"
"4911","IMG_4911.PNG","cca3e9eb9e1c770819b071e79b85022db1585b9119ae1e683f700cdb25c58e8c","1187862","C:\Users\HP 1040 G8\Downloads\New folder.zip","pending_visual_review"
"4912","IMG_4912.PNG","983d2915f185dc9c2e55b8ef4ece0f82225a93ef7c875b9a4fdfd3dbaffd2296","1315820","C:\Users\HP 1040 G8\Downloads\New folder.zip","pending_visual_review"
"4913","IMG_4913.PNG","c5ebbd5712caf55334b93845950fe8b5cb44d0b3d80ba00cacbe8d7c193caa9c","1118423","C:\Users\HP 1040 G8\Downloads\New folder.zip","pending_visual_review"
"4914","IMG_4914.PNG","f969cbba73177aaa651d14fcef9ce0962ec93d44d2a31f3c6ea1a28fafe7ef17","10286394","C:\Users\HP 1040 G8\Downloads\New folder.zip","pending_visual_review"
"4915","IMG_4915.PNG","d799948245c8d628e81cd9dfe7c280fee823ed5fff41c7eb0860287bb9514ee5","742293","C:\Users\HP 1040 G8\Downloads\New folder.zip","pending_visual_review"
"4916","IMG_4916.PNG","e738c81022748d8c58e4a01d82879ed94d08427e057141adfe1a1d910618128a","450515","C:\Users\HP 1040 G8\Downloads\New folder.zip","pending_visual_review"
"4917","IMG_4917.PNG","2591d40785cb831bb25785ec6576a76a2c19d790332c31f4fe17b2679c1f44a1","426476","C:\Users\HP 1040 G8\Downloads\New folder.zip","pending_visual_review"
"4918","IMG_4918.PNG","691b0710dd6a7280de23572cbdded5b16d8a6cbe2c8792898f5ffe73c91c955c","390260","C:\Users\HP 1040 G8\Downloads\New folder.zip","pending_visual_review"
"4919","IMG_4919.PNG","eba0a0501d67eca5e99cd828a0b5fea73ec0ea4a470c8d2e724434a9f296ab42","387267","C:\Users\HP 1040 G8\Downloads\New folder.zip","pending_visual_review"
"4920","IMG_4920.PNG","3ff219a2307ad7cac30f64f600125318f3ede9b7b51909381419d9201a4d45db","344908","C:\Users\HP 1040 G8\Downloads\New folder.zip","pending_visual_review"
"4921","IMG_4921.PNG","3147c2c6832be4d4efa4d336540d2b7444565971cb868c659bd7d7458d41abe5","315008","C:\Users\HP 1040 G8\Downloads\New folder.zip","pending_visual_review"
"4922","IMG_4922.PNG","45f201ae06b823eaf84849d5ccea3ebc7e1c7dcfa57a50ab906c7aaae317ee5c","1026813","C:\Users\HP 1040 G8\Downloads\New folder.zip","pending_visual_review"
"4923","IMG_4923.PNG","999e80d4057f1c00f65c518b755fb5e186da4cfc0a8b43393b7bb1975457f52b","1416010","C:\Users\HP 1040 G8\Downloads\New folder.zip","pending_visual_review"
"4924","IMG_4924.PNG","f51a4e5436081395722bfa93ff605c18ddd24d866329d55aaf14f94f369681cf","809368","C:\Users\HP 1040 G8\Downloads\New folder.zip","pending_visual_review"
"4925","IMG_4925.PNG","cfb3f81a35ea21a0e0f937584f64f6394a922c127c18430bb0c600969ee770d7","391169","C:\Users\HP 1040 G8\Downloads\New folder.zip","pending_visual_review"
"4926","IMG_4926.PNG","0ddfa5e7ed3ff6a478b73a1d099679b1855dceec64a57a48914ec8017310befb","627334","C:\Users\HP 1040 G8\Downloads\New folder.zip","pending_visual_review"
"4927","IMG_4927.PNG","3e7e48ca3dcfbaa15c42c9cca17825017bb57b32c1f8f87b8657affffefdc8ce","265362","C:\Users\HP 1040 G8\Downloads\New folder.zip","pending_visual_review"
"4928","IMG_4928.PNG","8977c9ac5d7747de790ba8176b7557c7b4b648bad66a001f9842bbe25e0f20f5","259322","C:\Users\HP 1040 G8\Downloads\New folder.zip","pending_visual_review"
"4929","IMG_4929.PNG","2c15053bc4da506de4eaf2ca3fd1c8e9142a5ea954df6c653c6acaa5bcd996f2","255652","C:\Users\HP 1040 G8\Downloads\New folder.zip","pending_visual_review"
"4930","IMG_4930.PNG","10bf913294058a5e3fd25ea1b315457622bb7667b6aac3a49a357ab600379d51","517328","C:\Users\HP 1040 G8\Downloads\New folder.zip","pending_visual_review"
"4931","IMG_4931.PNG","57884615f0798087f998171667bef17f18f63739af8b30539362303f747de4c6","370841","C:\Users\HP 1040 G8\Downloads\New folder.zip","pending_visual_review"
"4932","IMG_4932.PNG","3991ad9b4978dad8ca7784e351ba050b1aaa1dcb84a4c9730881b14bee672d57","574940","C:\Users\HP 1040 G8\Downloads\New folder.zip","pending_visual_review"
"4933","IMG_4933.PNG","2d398692aaeaade4583f012d80cbf2512aaf8b99f67054449a515ce21c975115","436652","C:\Users\HP 1040 G8\Downloads\New folder.zip","pending_visual_review"
"4934","IMG_4934.PNG","02f03657959e1dc3e4de00c8341fdd174c9527f0e3646bf006b3ee764c82383a","914272","C:\Users\HP 1040 G8\Downloads\New folder.zip","pending_visual_review"
"4935","IMG_4935.PNG","74ab184fcbcad63c52e1098e0fcbb1b8b9fb674f654bebec211b018a94b44cc4","420904","C:\Users\HP 1040 G8\Downloads\New folder.zip","pending_visual_review"
"4936","IMG_4936.PNG","dab34de89356b241c97e0cd6914b02e9f78ccc8376779311576d54df7d4fa964","371054","C:\Users\HP 1040 G8\Downloads\New folder.zip","pending_visual_review"
"4937","IMG_4937.PNG","39f1b3edf81496878a90d3eae047a4425607d00f0280f288feffb7558c3159ca","401783","C:\Users\HP 1040 G8\Downloads\New folder.zip","pending_visual_review"
"4938","IMG_4938.PNG","fcfac6d5d22b5a6a3a6122684627173a3c9976a450d38f506db533f86ad27f06","286176","C:\Users\HP 1040 G8\Downloads\New folder.zip","pending_visual_review"
"4939","IMG_4939.PNG","285a49e6290b62611a843ffc250ca30280e8c6f36c1a9bf5b72c935d533f3d65","352038","C:\Users\HP 1040 G8\Downloads\New folder.zip","pending_visual_review"
"4940","IMG_4940.PNG","cd7550c935556f5c555d0bfdec6069cd751f7aa7d270dc566b03ca53f25ed82a","306018","C:\Users\HP 1040 G8\Downloads\New folder.zip","pending_visual_review"
"4941","IMG_4941.PNG","87a415b8cf44469842b48127990823d4fd147224c3623a2d57576bae5ba16be6","402969","C:\Users\HP 1040 G8\Downloads\New folder.zip","pending_visual_review"
"4942","IMG_4942.PNG","da464c6207da1b5a0f540877419f0061883b60dbff4bbeab1e02d8c79c4d0f9c","371558","C:\Users\HP 1040 G8\Downloads\New folder.zip","pending_visual_review"
"4943","IMG_4943.PNG","844351e69205cf78962840e9aed35aad0cc7dd6621d5d483a883d5c13d31bdc6","385736","C:\Users\HP 1040 G8\Downloads\New folder.zip","pending_visual_review"
"4944","IMG_4944.PNG","8a73b284b36a59240ccadf04dc8f203b616ff416546b4a58e0dbdd76b699d5d1","619094","C:\Users\HP 1040 G8\Downloads\New folder.zip","pending_visual_review"
"4945","IMG_4945.PNG","51f997e44579b414c180d6abbe77ce1b3dd2009676c82680720aadaa1761c360","491882","C:\Users\HP 1040 G8\Downloads\New folder.zip","pending_visual_review"
"4946","IMG_4946.PNG","c6b4b73bb7fd3efcbba569a7ca298001bef87f2b3d20db9394676f83eae000e0","494297","C:\Users\HP 1040 G8\Downloads\New folder.zip","pending_visual_review"
"4947","IMG_4947.PNG","b21a7b078a3891bc926801fb53a3b924755fbb568f80fb4e693d28227bcd806b","501885","C:\Users\HP 1040 G8\Downloads\New folder.zip","pending_visual_review"
"4948","IMG_4948.PNG","57b31ab03af9c219eaa3d2fd6bd2711fd28ce4de93f503f9bd2bc9319f420833","192651","C:\Users\HP 1040 G8\Downloads\New folder.zip","pending_visual_review"
"4949","IMG_4949.PNG","06ee89f83e80aeaa3ca02c87bc577b32101c2b7ddf406cc3533112ae6d1bb6e2","209410","C:\Users\HP 1040 G8\Downloads\New folder.zip","pending_visual_review"
"4950","IMG_4950.PNG","1f70e3cbf50d6b71043aaa1c4b791d5e43d1a7bff9aa15100bb89e7b5fb3422e","212357","C:\Users\HP 1040 G8\Downloads\New folder.zip","pending_visual_review"
"4951","IMG_4951.PNG","904ede221667c0830855f0899214e7b10239843db64728baa0152c17a4ea53aa","120565","C:\Users\HP 1040 G8\Downloads\New folder.zip","pending_visual_review"
"4952","IMG_4952.PNG","009f7bb87f1e762490547c75b2a5d02572c18a8a16e5a5c54ad4b151fa4feee1","212075","C:\Users\HP 1040 G8\Downloads\New folder.zip","pending_visual_review"
"4953","IMG_4953.PNG","ca3ee8ac71ad24d8719f823896d89082c79931756efc1726f8257ed623fc95ac","215327","C:\Users\HP 1040 G8\Downloads\New folder.zip","pending_visual_review"
"4954","IMG_4954.PNG","8c0a55ef19d0364da18e92898ec02dbf743ea464fa0535bb11a0c7a6f9d38244","4259304","C:\Users\HP 1040 G8\Downloads\New folder.zip","pending_visual_review"
"4955","IMG_4955.PNG","39840a0aa17467b688519b370aa2e5cac04acd486876d0c5340db05391ba6f0b","4338364","C:\Users\HP 1040 G8\Downloads\New folder.zip","pending_visual_review"
"4956","IMG_4956.PNG","073341dc54d9d8a5e9f4e9d5503efbbb2a09ea6f86f7f3224d81fd986eedc2cb","1219487","C:\Users\HP 1040 G8\Downloads\New folder.zip","pending_visual_review"
"4957","IMG_4957.PNG","a9207d519de2325d6374f821fc2012f037b2e4d327975de444ce844164e2984c","2509065","C:\Users\HP 1040 G8\Downloads\New folder.zip","pending_visual_review"
"4958","IMG_4958.PNG","6d4801da17c7cafc98fb80afc452f24122beb2a5510f8c91165a32542814af66","2148313","C:\Users\HP 1040 G8\Downloads\New folder.zip","pending_visual_review"
"4959","IMG_4959.PNG","28eaf7932eb6d554150c1ed5484429f84f83594b523d1ab00ec35fcf5a30742c","4426140","C:\Users\HP 1040 G8\Downloads\New folder.zip","pending_visual_review"
"4960","IMG_4960.PNG","17b4281e4b04b83cb1bfddbb5e48240aa3a837c1a10de583d7e0e63b9ce9338b","1773490","C:\Users\HP 1040 G8\Downloads\New folder.zip","pending_visual_review"
"4961","IMG_4961.PNG","2214325a3ee1a091cbdae54e38c6a6d84845034f6a663797085f719094c2bc9b","2500441","C:\Users\HP 1040 G8\Downloads\New folder.zip","pending_visual_review"
"4962","IMG_4962.PNG","e040d139914f9531f8c882c8d42fefb72fea8be0833413cf3fbf382a3456b297","2147222","C:\Users\HP 1040 G8\Downloads\New folder.zip","pending_visual_review"
"4963","IMG_4963.PNG","335ee5618129eb3fd16db5ee85732f39981b5073361e64c9f17c917f7429f20f","4248948","C:\Users\HP 1040 G8\Downloads\New folder.zip","pending_visual_review"
"4964","IMG_4964.PNG","61c696ca118e2352911feef653abc994f28cdd0b3b16a5c4b4b1da8b3bcd7136","1905208","C:\Users\HP 1040 G8\Downloads\New folder.zip","pending_visual_review"
"4965","IMG_4965.PNG","680839a29c56a261c02558e1359d70d60238a23c0faf2e41f8a10c6459ab6f6c","2503878","C:\Users\HP 1040 G8\Downloads\New folder.zip","pending_visual_review"
"4966","IMG_4966.PNG","c20439c65c5658385c862d9fc2510eca084272c5d078fa2154451befaea404c2","2145847","C:\Users\HP 1040 G8\Downloads\New folder.zip","pending_visual_review"
"4967","IMG_4967.PNG","dcf4e4021d86d49b46e3546e4bd9a63d01243d80328e6cb83975487a3c3c2186","208660","C:\Users\HP 1040 G8\Downloads\New folder.zip","pending_visual_review"
"4968","IMG_4968.PNG","16df48b1028cf85d942a404f9c4c574a4f58408285d931a0fa07e67c66f86ad3","188561","C:\Users\HP 1040 G8\Downloads\New folder.zip","pending_visual_review"
"4969","IMG_4969.PNG","86250a03e024e820da71464d38d9e6fc0f87247eb4383a0a0a64cddb91109775","189624","C:\Users\HP 1040 G8\Downloads\New folder.zip","pending_visual_review"
"4970","IMG_4970.PNG","d98cd1915516371c83ccc0a45e3376ae27666c0e2801ab967d6f47adfa8fcc33","323377","C:\Users\HP 1040 G8\Downloads\New folder.zip","pending_visual_review"
"4971","IMG_4971.PNG","fe9e458b36f147da009c160bd285e5632dbdbb57d29832341d3a60fbe9b4e383","308980","C:\Users\HP 1040 G8\Downloads\New folder.zip","pending_visual_review"
"4972","IMG_4972.PNG","de9da32eedf01f6a6fea1f483753b2528766bf14015c37fd38ce256375faaa05","180277","C:\Users\HP 1040 G8\Downloads\New folder.zip","pending_visual_review"
"4973","IMG_4973.PNG","f13b87c47b647bb28015143a7e80edd85cb409dffbb60ffa535ffdd891a43dfc","325250","C:\Users\HP 1040 G8\Downloads\New folder.zip","pending_visual_review"
"4974","IMG_4974.PNG","a3a4a837153f915d0297755131f478f301e0631429fb0cd474b729c73604f40c","183883","C:\Users\HP 1040 G8\Downloads\New folder.zip","pending_visual_review"
"4975","IMG_4975.PNG","e870c1dea8d9e64b4df2ee7b6246ccd63b0d8a870f12ee6600d58f52e46035eb","270171","C:\Users\HP 1040 G8\Downloads\New folder.zip","pending_visual_review"
"4976","IMG_4976.PNG","68172d47ced8bf537cf4cfb4b31300c21ec9ca27172f8e0eecbbcf6afc9d1310","300860","C:\Users\HP 1040 G8\Downloads\New folder.zip","pending_visual_review"
"4977","IMG_4977.PNG","89830c039318ab376c05259be125e3fe9c308eaf6e06a5d1d145127d033ed2d8","392618","C:\Users\HP 1040 G8\Downloads\New folder.zip","pending_visual_review"
"4978","IMG_4978.PNG","d3f818443d077e3036ca04bf0fa5487e5d80e22b9d45fe7ad03c08796f39d2b6","476668","C:\Users\HP 1040 G8\Downloads\New folder.zip","pending_visual_review"
"4979","IMG_4979.PNG","5273c705ab1b89555fc26e7cda055052640d1f7adae8075208c18cdd47c17692","472843","C:\Users\HP 1040 G8\Downloads\New folder.zip","pending_visual_review"
"4980","IMG_4980.PNG","cdbee1ef56f1af7439407d186bcf36597d95cdd7a0228e3b4662a39a16015738","188775","C:\Users\HP 1040 G8\Downloads\New folder.zip","pending_visual_review"
"4981","IMG_4981.PNG","f7ee9a311ea589cd1a2afd5fc2174bb4b21e066b143823c01964afcb338fa079","205571","C:\Users\HP 1040 G8\Downloads\New folder.zip","pending_visual_review"
"4982","IMG_4982.PNG","5fb6312792d33be01f51dff096f33e9de3a6dd78dbb62ead369a4ed9cab339e7","270316","C:\Users\HP 1040 G8\Downloads\New folder.zip","pending_visual_review"
"4983","IMG_4983.PNG","99c21f0b35a7b27211e3713999eb445a361392a819e99d72783b9732b0642cf4","436323","C:\Users\HP 1040 G8\Downloads\New folder.zip","pending_visual_review"
"4984","IMG_4984.PNG","26fbe890d369c88fec761e46c8490f79bf34d2f180a883e47d5741e6b9764e06","430295","C:\Users\HP 1040 G8\Downloads\New folder.zip","pending_visual_review"
"4985","IMG_4985.PNG","e159ada36acacf99247b5e566e6a475f5e45c52970c0b63fddb0828c3eda10e9","166745","C:\Users\HP 1040 G8\Downloads\New folder.zip","pending_visual_review"
"4986","IMG_4986.PNG","e4e403b0246b7408e98010ead406c50870d42f7fc3ecabe6d9f1c27cd308a143","249283","C:\Users\HP 1040 G8\Downloads\New folder.zip","pending_visual_review"
"4987","IMG_4987.PNG","940938fd13de0d1d85d429d0c1b9d8d0fd1dd6892df8ea9c8a377a787af9e976","203889","C:\Users\HP 1040 G8\Downloads\New folder.zip","pending_visual_review"
"4988","IMG_4988.PNG","67229dcad4f1433efade45c27b98283d9bafa2b2fb1da95aaa15ddbab13f77de","507629","C:\Users\HP 1040 G8\Downloads\New folder.zip","pending_visual_review"
"4989","IMG_4989.PNG","f852f3532fbbfc9e684acb779817c87d3fb2b9aa4e576d6b09ee174ab1be06f8","634718","C:\Users\HP 1040 G8\Downloads\New folder.zip","pending_visual_review"
"4990","IMG_4990.PNG","48b38c3a0662a50cf9c3db162ec564efdd3d78f49ffd4546495bffe6b9e6a018","638016","C:\Users\HP 1040 G8\Downloads\New folder.zip","pending_visual_review"
"4991","IMG_4991.PNG","200c3d69a17b800c64a735e6567d7a42a011ba9f420cb8335d1472a784b43c58","510238","C:\Users\HP 1040 G8\Downloads\New folder.zip","pending_visual_review"
"4992","IMG_4992.PNG","8ba4b088470857d193bea42ca7de154ed482fa689446384eb47ee01e8acf09c3","2283477","C:\Users\HP 1040 G8\Downloads\New folder.zip","pending_visual_review"
"4993","IMG_4993.PNG","ce79443050a3a6c146f2b66e171323095cec1b87500453dd4164fdb5a103e167","346583","C:\Users\HP 1040 G8\Downloads\New folder.zip","pending_visual_review"
"4994","IMG_4994.PNG","ee8ff9b44250159b3da62c7ef1dc8076127f72b759112096be9d9261dfdc1db8","430739","C:\Users\HP 1040 G8\Downloads\New folder.zip","pending_visual_review"
"4995","IMG_4995.PNG","6f538de46bd3d41c7d94029335486fae8fc47bbb48e782f392b8c7cb25f70ea6","434918","C:\Users\HP 1040 G8\Downloads\New folder.zip","pending_visual_review"
"4996","IMG_4996.PNG","2fb1a4fe8d2aef3baaeb66092f92d254474b594bc996d0c6bc7ed6b785393dcd","200429","C:\Users\HP 1040 G8\Downloads\New folder.zip","pending_visual_review"
"4997","IMG_4997.PNG","c48ea9cb1aee19b7f96e793f79e32edb3f9213ddd1aed26ad76b42922cc953c1","382522","C:\Users\HP 1040 G8\Downloads\New folder.zip","pending_visual_review"
