"slot","variation_id","processed_path","processed_sha256","processed_bytes","raw_evidence_path","selected_source","playable","review_status"
"resistance-upper-body|Bench push-up","resistance-upper-body-bench-push-up-technique","G:\BIL_Workout_Media\bulk_1000\processed\resistance-upper-body-bench-push-up-technique.mp4","64576f0ca0a60138b8c72fddac5b5e4a12ef4465502629bc3ca86ef47ce1059a","10928621","G:\BIL_Workout_Media\bulk_1000\raw\resistance-upper-body-bench-push-up-technique.mp4","processed","False","requires_release_review"
"resistance-upper-body|Incline push-up","resistance-upper-body-incline-push-up-technique","G:\BIL_Workout_Media\bulk_1000\processed\resistance-upper-body-incline-push-up-technique.mp4","80f0548d03fe8c13a799922f65ab37fb70c68f980b667ae545393a4876b6983b","12965185","G:\BIL_Workout_Media\bulk_1000\raw\resistance-upper-body-incline-push-up-technique.mp4","processed","False","requires_release_review"
"resistance-upper-body|Knee push-up","resistance-upper-body-knee-push-up-technique","G:\BIL_Workout_Media\bulk_1000\processed\resistance-upper-body-knee-push-up-technique.mp4","7033b72831289536b19bbe45f1104e769309313cf0b05e66021240cb493646fd","10164826","G:\BIL_Workout_Media\bulk_1000\raw\resistance-upper-body-knee-push-up-technique.mp4","processed","False","requires_release_review"
"resistance-upper-body|Dumbbell floor press","resistance-upper-body-dumbbell-floor-press-technique","G:\BIL_Workout_Media\bulk_1000\processed\resistance-upper-body-dumbbell-floor-press-technique.mp4","863ff85940255de10674270d077f3f78fcfd8be1821680d1ff290a8dc11d663a","11825399","G:\BIL_Workout_Media\bulk_1000\raw\resistance-upper-body-dumbbell-floor-press-technique.mp4","processed","False","requires_release_review"
"resistance-upper-body|Dumbbell bench press","resistance-upper-body-dumbbell-bench-press-technique","G:\BIL_Workout_Media\bulk_1000\processed\resistance-upper-body-dumbbell-bench-press-technique.mp4","48ea3545a60ba665ed1003388a21b389a1ee3609587dd1521c16ee41def8671f","13289875","G:\BIL_Workout_Media\bulk_1000\raw\resistance-upper-body-dumbbell-bench-press-technique.mp4","processed","False","requires_release_review"
"resistance-upper-body|Standing dumbbell shoulder press","resistance-upper-body-standing-dumbbell-shoulder-press-technique","G:\BIL_Workout_Media\bulk_1000\processed\resistance-upper-body-standing-dumbbell-shoulder-press-technique.mp4","6fcfbe0e0c8087c1bbeb42687b22ecfc52bc984ae2cc68715780199846423b41","11410729","G:\BIL_Workout_Media\bulk_1000\raw\resistance-upper-body-standing-dumbbell-shoulder-press-technique.mp4","processed","False","requires_release_review"
"resistance-upper-body|Seated dumbbell shoulder press","resistance-upper-body-seated-dumbbell-shoulder-press-technique","G:\BIL_Workout_Media\bulk_1000\processed\resistance-upper-body-seated-dumbbell-shoulder-press-technique.mp4","035c2c0b7dff357b9274da43a6784040a9f03149a5fb82400dfaf791c5cf245b","9164387","G:\BIL_Workout_Media\bulk_1000\raw\resistance-upper-body-seated-dumbbell-shoulder-press-technique.mp4","processed","False","requires_release_review"
"resistance-upper-body|One-arm dumbbell row","resistance-upper-body-one-arm-dumbbell-row-technique","G:\BIL_Workout_Media\bulk_1000\processed\resistance-upper-body-one-arm-dumbbell-row-technique.mp4","6706db1499fbfa46b0b2dd1ddca04a1f92f32c693de40e58ce289350c59f904d","12007797","G:\BIL_Workout_Media\bulk_1000\raw\resistance-upper-body-one-arm-dumbbell-row-technique.mp4","processed","False","requires_release_review"
"resistance-upper-body|Chest-supported dumbbell row","resistance-upper-body-chest-supported-dumbbell-row-technique","G:\BIL_Workout_Media\bulk_1000\processed\resistance-upper-body-chest-supported-dumbbell-row-technique.mp4","fbd534a484cf29fbb2a4d2df2fc86d2d1e4497f43e5f83e22447c031a7d02261","12783807","G:\BIL_Workout_Media\bulk_1000\raw\resistance-upper-body-chest-supported-dumbbell-row-technique.mp4","processed","False","requires_release_review"
"resistance-upper-body|Resistance-band row","resistance-upper-body-resistance-band-row-technique","G:\BIL_Workout_Media\bulk_1000\processed\resistance-upper-body-resistance-band-row-technique.mp4","4b7d613abd3e1d612e192b5f7a67862d64b3481880bba28655422471fe327131","14161579","G:\BIL_Workout_Media\bulk_1000\raw\resistance-upper-body-resistance-band-row-technique.mp4","processed","False","requires_release_review"
"resistance-upper-body|Resistance-band chest press","resistance-upper-body-resistance-band-chest-press-technique","G:\BIL_Workout_Media\bulk_1000\processed\resistance-upper-body-resistance-band-chest-press-technique.mp4","06e963111a92e26fa0b7c48684349a72fcbae6ed4dfa52d36e2826e4ebc4eed1","13911508","G:\BIL_Workout_Media\bulk_1000\raw\resistance-upper-body-resistance-band-chest-press-technique.mp4","processed","False","requires_release_review"
"resistance-upper-body|Dumbbell lateral raise","resistance-upper-body-dumbbell-lateral-raise-technique","G:\BIL_Workout_Media\bulk_1000\processed\resistance-upper-body-dumbbell-lateral-raise-technique.mp4","b9aadb2e593cdc5839ade88c907ff0eeb1455463171008646f5f44d09b8ab5d9","14844120","G:\BIL_Workout_Media\bulk_1000\raw\resistance-upper-body-dumbbell-lateral-raise-technique.mp4","processed","False","requires_release_review"
"resistance-upper-body|Dumbbell front raise","resistance-upper-body-dumbbell-front-raise-technique","G:\BIL_Workout_Media\bulk_1000\processed\resistance-upper-body-dumbbell-front-raise-technique.mp4","9aac352103267725513c956df57eacbb3ab1b317277cabb27cd7b187f3f20b90","14015780","G:\BIL_Workout_Media\bulk_1000\raw\resistance-upper-body-dumbbell-front-raise-technique.mp4","processed","False","requires_release_review"
"resistance-upper-body|Dumbbell biceps curl","resistance-upper-body-dumbbell-biceps-curl-technique","G:\BIL_Workout_Media\bulk_1000\processed\resistance-upper-body-dumbbell-biceps-curl-technique.mp4","b5dd060fe65d47b7c65bb55b7c79a21cdc17b95c2964007c710b1e0d26bcd3cc","11334062","G:\BIL_Workout_Media\bulk_1000\raw\resistance-upper-body-dumbbell-biceps-curl-technique.mp4","processed","False","requires_release_review"
"resistance-upper-body|Hammer curl","resistance-upper-body-hammer-curl-technique","G:\BIL_Workout_Media\bulk_1000\processed\resistance-upper-body-hammer-curl-technique.mp4","00ecf51ba076216927d080bdc75ac24f9369abb4d15bddde7356c5081a98ab04","9655788","G:\BIL_Workout_Media\bulk_1000\raw\resistance-upper-body-hammer-curl-technique.mp4","processed","False","requires_release_review"
"resistance-upper-body|Overhead triceps extension","resistance-upper-body-overhead-triceps-extension-technique","G:\BIL_Workout_Media\bulk_1000\processed\resistance-upper-body-overhead-triceps-extension-technique.mp4","77fd69a3794791922c231e26d2a83b3105bb7f0baa322adff07a24cc1b3a970d","11048148","G:\BIL_Workout_Media\bulk_1000\raw\resistance-upper-body-overhead-triceps-extension-technique.mp4","processed","False","requires_release_review"
"resistance-upper-body|Triceps kickback","resistance-upper-body-triceps-kickback-technique","G:\BIL_Workout_Media\bulk_1000\processed\resistance-upper-body-triceps-kickback-technique.mp4","29071d5b4c354750a7242fad4eba2919392945c4a1e731c2ee53df327b6a9528","13012050","G:\BIL_Workout_Media\bulk_1000\raw\resistance-upper-body-triceps-kickback-technique.mp4","processed","False","requires_release_review"
"resistance-upper-body|Band pull-apart","resistance-upper-body-band-pull-apart-technique","G:\BIL_Workout_Media\bulk_1000\processed\resistance-upper-body-band-pull-apart-technique.mp4","43e43e05cd3e47b7f4d5eeadddb9225516b221caeec7327a65625ad476fe77d7","9039085","G:\BIL_Workout_Media\bulk_1000\raw\resistance-upper-body-band-pull-apart-technique.mp4","processed","False","requires_release_review"
"resistance-upper-body|Dumbbell reverse fly","resistance-upper-body-dumbbell-reverse-fly-technique","G:\BIL_Workout_Media\bulk_1000\processed\resistance-upper-body-dumbbell-reverse-fly-technique.mp4","8e125b539953e38b35089ed048f033f1d66fdad0dee17516e89bc04a5ad802f5","13054959","G:\BIL_Workout_Media\bulk_1000\raw\resistance-upper-body-dumbbell-reverse-fly-technique.mp4","processed","False","requires_release_review"
"resistance-upper-body|Scapular wall slide","resistance-upper-body-scapular-wall-slide-technique","G:\BIL_Workout_Media\bulk_1000\processed\resistance-upper-body-scapular-wall-slide-technique.mp4","13e1a11411e4421307bfdaab7a4cbbf2d842a205eda18fa946f035aad71fa483","11017653","G:\BIL_Workout_Media\bulk_1000\raw\resistance-upper-body-scapular-wall-slide-technique.mp4","processed","False","requires_release_review"
"resistance-lower-body|Bodyweight squat","resistance-lower-body-bodyweight-squat-technique","G:\BIL_Workout_Media\bulk_1000\processed\resistance-lower-body-bodyweight-squat-technique.mp4","64de6da545ae9ab70a9de784052e69a0b9df4bb0d7051e77bb4235dad3e31024","12415217","G:\BIL_Workout_Media\bulk_1000\raw\resistance-lower-body-bodyweight-squat-technique.mp4","processed","False","requires_release_review"
"resistance-lower-body|Goblet squat","resistance-lower-body-goblet-squat-technique","G:\BIL_Workout_Media\bulk_1000\processed\resistance-lower-body-goblet-squat-technique.mp4","6f6c8dd22b99dfa0981f584b6ffa2b603ddbc33ed278c868087c1da34cf523d2","10620865","G:\BIL_Workout_Media\bulk_1000\raw\resistance-lower-body-goblet-squat-technique.mp4","processed","False","requires_release_review"
"resistance-lower-body|Box squat","resistance-lower-body-box-squat-technique","G:\BIL_Workout_Media\bulk_1000\processed\resistance-lower-body-box-squat-technique.mp4","bae36c9d6a6346f9780eb00785714acd1a68bc8f1be618d34533cef892212fcf","12490696","G:\BIL_Workout_Media\bulk_1000\raw\resistance-lower-body-box-squat-technique.mp4","processed","False","requires_release_review"
"resistance-lower-body|Split squat","resistance-lower-body-split-squat-technique","G:\BIL_Workout_Media\bulk_1000\processed\resistance-lower-body-split-squat-technique.mp4","572594ad56081aa87af09a72dc3d7a8c2953016e1cda73b1f6f36f8711d13236","10001640","G:\BIL_Workout_Media\bulk_1000\raw\resistance-lower-body-split-squat-technique.mp4","processed","False","requires_release_review"
"resistance-lower-body|Reverse lunge","resistance-lower-body-reverse-lunge-technique","G:\BIL_Workout_Media\bulk_1000\processed\resistance-lower-body-reverse-lunge-technique.mp4","fec1420384f604d8cd196ef52c3f5ce46c82477e6dd3af51efaa1e332370a121","17437459","G:\BIL_Workout_Media\bulk_1000\raw\resistance-lower-body-reverse-lunge-technique.mp4","processed","False","requires_release_review"
"resistance-lower-body|Forward lunge","resistance-lower-body-forward-lunge-technique","G:\BIL_Workout_Media\bulk_1000\processed\resistance-lower-body-forward-lunge-technique.mp4","03ab104717b0c5a47ce5d9f47477089379465efda483f1c1fe488513d1bc634a","17604307","G:\BIL_Workout_Media\bulk_1000\raw\resistance-lower-body-forward-lunge-technique.mp4","processed","False","requires_release_review"
"resistance-lower-body|Lateral lunge","resistance-lower-body-lateral-lunge-technique","G:\BIL_Workout_Media\bulk_1000\processed\resistance-lower-body-lateral-lunge-technique.mp4","dcf9bc57e324ad5ae3a6742767392290a4aeb00e972f226960ef6a51d911db64","7421501","G:\BIL_Workout_Media\bulk_1000\raw\resistance-lower-body-lateral-lunge-technique.mp4","processed","False","requires_release_review"
"resistance-lower-body|Step-up","resistance-lower-body-step-up-technique","G:\BIL_Workout_Media\bulk_1000\processed\resistance-lower-body-step-up-technique.mp4","16cdaead70340f9e56bd1c9a22319b940fb24a7dc888665d0f08219c534b7eea","9801765","G:\BIL_Workout_Media\bulk_1000\raw\resistance-lower-body-step-up-technique.mp4","processed","False","requires_release_review"
"resistance-lower-body|Glute bridge","resistance-lower-body-glute-bridge-technique","G:\BIL_Workout_Media\bulk_1000\processed\resistance-lower-body-glute-bridge-technique.mp4","4d456a50596710f55b8d3962e4cfffe3d686e2387740a12999d9fd4a95b47bdf","12787247","G:\BIL_Workout_Media\bulk_1000\raw\resistance-lower-body-glute-bridge-technique.mp4","processed","False","requires_release_review"
"resistance-lower-body|Hip thrust","resistance-lower-body-hip-thrust-technique","G:\BIL_Workout_Media\bulk_1000\processed\resistance-lower-body-hip-thrust-technique.mp4","7b964a7e50ebb382319f5cb94926d50b41c30757ca2db48f2ff7a6f09a579a7f","9852636","G:\BIL_Workout_Media\bulk_1000\raw\resistance-lower-body-hip-thrust-technique.mp4","processed","False","requires_release_review"
"resistance-lower-body|Dumbbell Romanian deadlift","resistance-lower-body-dumbbell-romanian-deadlift-technique","G:\BIL_Workout_Media\bulk_1000\processed\resistance-lower-body-dumbbell-romanian-deadlift-technique.mp4","887e825e592c4cfcd55a272efb68b588242ffe7d981cd461fe877bc310636b59","12412908","G:\BIL_Workout_Media\bulk_1000\raw\resistance-lower-body-dumbbell-romanian-deadlift-technique.mp4","processed","False","requires_release_review"
"resistance-lower-body|Sumo squat","resistance-lower-body-sumo-squat-technique","G:\BIL_Workout_Media\bulk_1000\processed\resistance-lower-body-sumo-squat-technique.mp4","410b4b2ddf35366ef8be993f3ff80f696972d27a648b0c073e145a087abb0909","11948474","G:\BIL_Workout_Media\bulk_1000\raw\resistance-lower-body-sumo-squat-technique.mp4","processed","False","requires_release_review"
"resistance-lower-body|Standing calf raise","resistance-lower-body-standing-calf-raise-technique","G:\BIL_Workout_Media\bulk_1000\processed\resistance-lower-body-standing-calf-raise-technique.mp4","0e19ac86b4cc98cd145326ef91b443703ca8f4a06bc71609d9a36f274088537f","12333924","G:\BIL_Workout_Media\bulk_1000\raw\resistance-lower-body-standing-calf-raise-technique.mp4","processed","False","requires_release_review"
"resistance-lower-body|Seated calf raise","resistance-lower-body-seated-calf-raise-technique","G:\BIL_Workout_Media\bulk_1000\processed\resistance-lower-body-seated-calf-raise-technique.mp4","bdc723f38cd6d9d7a39de2904f6c5004fecb6dd66223fce1750afe206c8fb1fa","13896680","G:\BIL_Workout_Media\bulk_1000\raw\resistance-lower-body-seated-calf-raise-technique.mp4","processed","False","requires_release_review"
"resistance-lower-body|Band hamstring curl","resistance-lower-body-band-hamstring-curl-technique","G:\BIL_Workout_Media\bulk_1000\processed\resistance-lower-body-band-hamstring-curl-technique.mp4","3d678041f35385f59f1764088beac428942755f42f8046d608c0e1a9b9ca6373","8794027","G:\BIL_Workout_Media\bulk_1000\raw\resistance-lower-body-band-hamstring-curl-technique.mp4","processed","False","requires_release_review"
"resistance-lower-body|Lateral band walk","resistance-lower-body-lateral-band-walk-technique","G:\BIL_Workout_Media\bulk_1000\processed\resistance-lower-body-lateral-band-walk-technique.mp4","aab5809932aeb97d8893994e1fe28b2edb09a1a7728bef00aaf96f6c8e960a74","8493188","G:\BIL_Workout_Media\bulk_1000\raw\resistance-lower-body-lateral-band-walk-technique.mp4","processed","False","requires_release_review"
"resistance-lower-body|Clamshell","resistance-lower-body-clamshell-technique","G:\BIL_Workout_Media\bulk_1000\processed\resistance-lower-body-clamshell-technique.mp4","df32089f3d725e728f1b2ef884a3945c5c3724b41bc675c6db9543922d9f627c","12752240","G:\BIL_Workout_Media\bulk_1000\raw\resistance-lower-body-clamshell-technique.mp4","processed","False","requires_release_review"
"resistance-lower-body|Single-leg sit-to-stand","resistance-lower-body-single-leg-sit-to-stand-technique","G:\BIL_Workout_Media\bulk_1000\processed\resistance-lower-body-single-leg-sit-to-stand-technique.mp4","afb1b39b6d31157fe63e2fd2bfe85a9477d6d2476d259b6fc0a8f362d4343312","16269931","G:\BIL_Workout_Media\bulk_1000\raw\resistance-lower-body-single-leg-sit-to-stand-technique.mp4","processed","False","requires_release_review"
"resistance-lower-body|Wall sit","resistance-lower-body-wall-sit-technique","G:\BIL_Workout_Media\bulk_1000\processed\resistance-lower-body-wall-sit-technique.mp4","007e7f092717f94508cc844ad22ad925c9770022572be973a6031dac792893af","13836585","G:\BIL_Workout_Media\bulk_1000\raw\resistance-lower-body-wall-sit-technique.mp4","processed","False","requires_release_review"
"resistance-lower-body|Heel-elevated squat","resistance-lower-body-heel-elevated-squat-technique","G:\BIL_Workout_Media\bulk_1000\processed\resistance-lower-body-heel-elevated-squat-technique.mp4","9b7dcadcb4c0febff870a1e35aa506d3c312e74c9921e4ca660a095327a7f014","14290031","G:\BIL_Workout_Media\bulk_1000\raw\resistance-lower-body-heel-elevated-squat-technique.mp4","processed","False","requires_release_review"
"resistance-full-body|Dumbbell squat to press","resistance-full-body-dumbbell-squat-to-press-technique","G:\BIL_Workout_Media\bulk_1000\processed\resistance-full-body-dumbbell-squat-to-press-technique.mp4","b07bec5c21bfefe1faf87084d556358269d7effe9336b80540e33b5925d0d4e1","16997181","G:\BIL_Workout_Media\bulk_1000\raw\resistance-full-body-dumbbell-squat-to-press-technique.mp4","processed","False","requires_release_review"
"resistance-full-body|Dumbbell deadlift to row","resistance-full-body-dumbbell-deadlift-to-row-technique","G:\BIL_Workout_Media\bulk_1000\processed\resistance-full-body-dumbbell-deadlift-to-row-technique.mp4","e64c88c20594990042f2075a768c24e195d42ff08cbbdb296892d9cbd759cfe4","19254451","G:\BIL_Workout_Media\bulk_1000\raw\resistance-full-body-dumbbell-deadlift-to-row-technique.mp4","processed","False","requires_release_review"
"resistance-full-body|Reverse lunge to curl","resistance-full-body-reverse-lunge-to-curl-technique","G:\BIL_Workout_Media\bulk_1000\processed\resistance-full-body-reverse-lunge-to-curl-technique.mp4","08229515714054eaaf3d576a6fc361f9e9401cee9e4b81c5144abc20f1f50ecc","11992677","G:\BIL_Workout_Media\bulk_1000\raw\resistance-full-body-reverse-lunge-to-curl-technique.mp4","processed","False","requires_release_review"
"resistance-full-body|Step-up to knee drive","resistance-full-body-step-up-to-knee-drive-technique","G:\BIL_Workout_Media\bulk_1000\processed\resistance-full-body-step-up-to-knee-drive-technique.mp4","e6c56dbd9475a6d35c3929a1ecad2a41231fadd3fce150161d7fbb5142064c26","10847797","G:\BIL_Workout_Media\bulk_1000\raw\resistance-full-body-step-up-to-knee-drive-technique.mp4","processed","False","requires_release_review"
"resistance-full-body|Kettlebell deadlift","resistance-full-body-kettlebell-deadlift-technique","G:\BIL_Workout_Media\bulk_1000\processed\resistance-full-body-kettlebell-deadlift-technique.mp4","7099e0d66ea94287056f4013363abbd338723d39731d7a950385d4e32c2ce1e7","9534662","G:\BIL_Workout_Media\bulk_1000\raw\resistance-full-body-kettlebell-deadlift-technique.mp4","processed","False","requires_release_review"
"resistance-full-body|Suitcase deadlift","resistance-full-body-suitcase-deadlift-technique","G:\BIL_Workout_Media\bulk_1000\processed\resistance-full-body-suitcase-deadlift-technique.mp4","36fed0e8e45e0f171e9dcdf42ce701a12a6fffa122b9b31e64fac8a73e480ba6","15653973","G:\BIL_Workout_Media\bulk_1000\raw\resistance-full-body-suitcase-deadlift-technique.mp4","processed","False","requires_release_review"
"resistance-full-body|Farmer carry","resistance-full-body-farmer-carry-technique","G:\BIL_Workout_Media\bulk_1000\processed\resistance-full-body-farmer-carry-technique.mp4","ef74d4a1eff86f6d7d6deb4bafeed3d9f38fb484bc4d754da3db9417296a3adf","21511950","G:\BIL_Workout_Media\bulk_1000\raw\resistance-full-body-farmer-carry-technique.mp4","processed","False","requires_release_review"
"resistance-full-body|Suitcase carry","resistance-full-body-suitcase-carry-technique","G:\BIL_Workout_Media\bulk_1000\processed\resistance-full-body-suitcase-carry-technique.mp4","549e93e8c64895325b3a5013f28649520620bf600230cdc9af3519456f47ea99","9758865","G:\BIL_Workout_Media\bulk_1000\raw\resistance-full-body-suitcase-carry-technique.mp4","processed","False","requires_release_review"
"resistance-full-body|Bear crawl","resistance-full-body-bear-crawl-technique","G:\BIL_Workout_Media\bulk_1000\processed\resistance-full-body-bear-crawl-technique.mp4","a5c5595945abc427631051cb692759d77f237bd0221a221770f268e4668eb452","15568608","G:\BIL_Workout_Media\bulk_1000\raw\resistance-full-body-bear-crawl-technique.mp4","processed","False","requires_release_review"
"resistance-full-body|Inchworm walkout","resistance-full-body-inchworm-walkout-technique","G:\BIL_Workout_Media\bulk_1000\processed\resistance-full-body-inchworm-walkout-technique.mp4","856f3f92a7de4e3750655dba459116fb42373b70d8f9229caffcd1804da63488","11200634","G:\BIL_Workout_Media\bulk_1000\raw\resistance-full-body-inchworm-walkout-technique.mp4","processed","False","requires_release_review"
"resistance-full-body|Renegade row from knees","resistance-full-body-renegade-row-knees-technique","G:\BIL_Workout_Media\bulk_1000\processed\resistance-full-body-renegade-row-knees-technique.mp4","b46b5d2d7ad9fe8f52ed31ce16de1a17742ba6eac7c3ef0ad1a7cee01e7985d2","13001517","G:\BIL_Workout_Media\bulk_1000\raw\resistance-full-body-renegade-row-knees-technique.mp4","processed","False","requires_release_review"
"resistance-full-body|Half-kneeling cable chop","resistance-full-body-half-kneeling-cable-chop-technique","G:\BIL_Workout_Media\bulk_1000\processed\resistance-full-body-half-kneeling-cable-chop-technique.mp4","7b42400743ba330e7b7a5898906770ef480a74c7a85cf4267abe60ba32c22961","11041944","G:\BIL_Workout_Media\bulk_1000\raw\resistance-full-body-half-kneeling-cable-chop-technique.mp4","processed","False","requires_release_review"
"resistance-full-body|Half-kneeling cable lift","resistance-full-body-half-kneeling-cable-lift-technique","G:\BIL_Workout_Media\bulk_1000\processed\resistance-full-body-half-kneeling-cable-lift-technique.mp4","c9e44c92eb58f66124a94bfebb1c9d7f0ae9db863d43c30b92185a61f84ad140","18717773","G:\BIL_Workout_Media\bulk_1000\raw\resistance-full-body-half-kneeling-cable-lift-technique.mp4","processed","False","requires_release_review"
"resistance-full-body|Sandbag bear-hug squat","resistance-full-body-sandbag-bear-hug-squat-technique",,,,,"none","False","missing_processed"
"resistance-full-body|Medicine-ball squat to press","resistance-full-body-medicine-ball-squat-press-technique",,,,,"none","False","missing_processed"
"resistance-full-body|Partial Turkish get-up","resistance-full-body-partial-turkish-get-up-technique",,,,,"none","False","missing_processed"
"resistance-full-body|Battle-rope alternating wave","resistance-full-body-battle-rope-alternating-wave-technique",,,,,"none","False","missing_processed"
"resistance-full-body|Dumbbell thruster","resistance-full-body-dumbbell-thruster-technique",,,,,"none","False","missing_processed"
"resistance-full-body|Step-back burpee","resistance-full-body-step-back-burpee-technique",,,,,"none","False","missing_processed"
"resistance-full-body|Dumbbell front-rack march","resistance-full-body-dumbbell-front-rack-march-technique",,,,,"none","False","missing_processed"
"cardio-low-impact|March in place","cardio-low-impact-march-in-place-steady","G:\BIL_Workout_Media\bulk_1000_female_10s\processed\cardio-low-impact-march-in-place-steady.mp4","eda0ce342d659f12eca40bb6ae3c1492d11e48eb3fcb2223c9504127c0b0c248","23637472","G:\BIL_Workout_Media\bulk_1000_female_10s\raw\cardio-low-impact-march-in-place-steady.mp4","processed","False","requires_release_review"
"cardio-low-impact|Step touch","cardio-low-impact-step-touch-steady","G:\BIL_Workout_Media\bulk_1000_female_10s\processed\cardio-low-impact-step-touch-steady.mp4","f664731263d50c150d627ceb55fa176d8a262a2b3ac2239173aa4d4cfb3c3f9b","21093261","G:\BIL_Workout_Media\bulk_1000_female_10s\raw\cardio-low-impact-step-touch-steady.mp4","processed","False","requires_release_review"
"cardio-low-impact|Low-impact step jack","cardio-low-impact-low-impact-step-jack-steady","G:\BIL_Workout_Media\bulk_1000_female_10s\processed\cardio-low-impact-low-impact-step-jack-steady.mp4","995bd2454c94ef2d396df268b3488f8f38343f253b6b53f4ddd49b3bcbaa3e44","18654759","G:\BIL_Workout_Media\bulk_1000_female_10s\raw\cardio-low-impact-low-impact-step-jack-steady.mp4","processed","False","requires_release_review"
"cardio-low-impact|Alternating heel dig","cardio-low-impact-alternating-heel-dig-steady","G:\BIL_Workout_Media\bulk_1000_female_10s\processed\cardio-low-impact-alternating-heel-dig-steady.mp4","49806edb2bf25b9210031dc917d0c229b74268a147d381cd2b850722b75214ef","25522986","G:\BIL_Workout_Media\bulk_1000_female_10s\raw\cardio-low-impact-alternating-heel-dig-steady.mp4","processed","False","requires_release_review"
"cardio-low-impact|Alternating knee lift","cardio-low-impact-alternating-knee-lift-steady","G:\BIL_Workout_Media\bulk_1000_female_10s\processed\cardio-low-impact-alternating-knee-lift-steady.mp4","58a11d33163bc7f6cce2df912272ce4ea5442560a5364c2c6b962739325bfb53","18265880","G:\BIL_Workout_Media\bulk_1000_female_10s\raw\cardio-low-impact-alternating-knee-lift-steady.mp4","processed","False","requires_release_review"
"cardio-low-impact|Hamstring curl step","cardio-low-impact-hamstring-curl-step-steady","G:\BIL_Workout_Media\bulk_1000_female_10s\processed\cardio-low-impact-hamstring-curl-step-steady.mp4","817614482a7cdf86d1676faeb70c390a413bfccacbd77a892615ea81eff8f9cf","28527648","G:\BIL_Workout_Media\bulk_1000_female_10s\raw\cardio-low-impact-hamstring-curl-step-steady.mp4","processed","False","requires_release_review"
"cardio-low-impact|Grapevine step","cardio-low-impact-grapevine-step-steady","G:\BIL_Workout_Media\bulk_1000_female_10s\processed\cardio-low-impact-grapevine-step-steady.mp4","16226c96e95bf739f67c1a0f8e143435c1d81e5a5f995c966d084ac2f52f899c","22863288","G:\BIL_Workout_Media\bulk_1000_female_10s\raw\cardio-low-impact-grapevine-step-steady.mp4","processed","False","requires_release_review"
"cardio-low-impact|Side step and reach","cardio-low-impact-side-step-reach-steady","G:\BIL_Workout_Media\bulk_1000_female_10s\processed\cardio-low-impact-side-step-reach-steady.mp4","d5d2f4656af0ae806b3b3bbda4577a082f4d5a7ba51b928a87edec762ff41eb9","22073386","G:\BIL_Workout_Media\bulk_1000_female_10s\raw\cardio-low-impact-side-step-reach-steady.mp4","processed","False","requires_release_review"
"cardio-low-impact|Forward toe tap","cardio-low-impact-forward-toe-tap-steady","G:\BIL_Workout_Media\bulk_1000_female_10s\processed\cardio-low-impact-forward-toe-tap-steady.mp4","db7c09007c579c4ad7ed8011cb648beb13f9b3e5e9af69609de5172c2a0084d0","19403598","G:\BIL_Workout_Media\bulk_1000_female_10s\raw\cardio-low-impact-forward-toe-tap-steady.mp4","processed","False","requires_release_review"
"cardio-low-impact|Boxer step","cardio-low-impact-boxer-step-steady","G:\BIL_Workout_Media\bulk_1000_female_10s\processed\cardio-low-impact-boxer-step-steady.mp4","acfdf210393b62ecbeaaa05a902d1eefff539519ebd8c1b85992adcb9624a638","20547928","G:\BIL_Workout_Media\bulk_1000_female_10s\raw\cardio-low-impact-boxer-step-steady.mp4","processed","False","requires_release_review"
"cardio-low-impact|Low-impact skater step","cardio-low-impact-low-impact-skater-step-steady","G:\BIL_Workout_Media\bulk_1000_female_10s\processed\cardio-low-impact-low-impact-skater-step-steady.mp4","7421740612a13ed600ec9796918f5f2077935833f76146efcecbb79695598aff","26833448","G:\BIL_Workout_Media\bulk_1000_female_10s\raw\cardio-low-impact-low-impact-skater-step-steady.mp4","processed","False","requires_release_review"
"cardio-low-impact|Mambo step","cardio-low-impact-mambo-step-steady","G:\BIL_Workout_Media\bulk_1000_female_10s\processed\cardio-low-impact-mambo-step-steady.mp4","028981d7645451eea5ccab9ab0f29d0ed91179792433b4fea157d62e4935cb7b","26326243","G:\BIL_Workout_Media\bulk_1000_female_10s\raw\cardio-low-impact-mambo-step-steady.mp4","processed","False","requires_release_review"
"cardio-low-impact|V-step","cardio-low-impact-v-step-steady","G:\BIL_Workout_Media\bulk_1000_female_10s\processed\cardio-low-impact-v-step-steady.mp4","15ed9093f47f3fda265f81ba4fb9ecff2df2caca3eb2b6be6aec97328e99da6c","36713428","G:\BIL_Workout_Media\bulk_1000_female_10s\raw\cardio-low-impact-v-step-steady.mp4","processed","False","requires_release_review"
"cardio-low-impact|Side knee pull","cardio-low-impact-side-knee-pull-steady","G:\BIL_Workout_Media\bulk_1000_female_10s\processed\cardio-low-impact-side-knee-pull-steady.mp4","8ad816741be49a9e17efce8d1dae49cfe1339d64233b634d6728cd6318e7d27b","25973538","G:\BIL_Workout_Media\bulk_1000_female_10s\raw\cardio-low-impact-side-knee-pull-steady.mp4","processed","False","requires_release_review"
"cardio-low-impact|Standing mountain climber","cardio-low-impact-standing-mountain-climber-steady","G:\BIL_Workout_Media\bulk_1000_female_10s\processed\cardio-low-impact-standing-mountain-climber-steady.mp4","633bdcfd4d29be3a6d690e71fd1530a157ec53ece8649316e004b5ae98821f3d","29972678","G:\BIL_Workout_Media\bulk_1000_female_10s\raw\cardio-low-impact-standing-mountain-climber-steady.mp4","processed","False","requires_release_review"
"cardio-low-impact|Low-impact burpee","cardio-low-impact-low-impact-burpee-steady","G:\BIL_Workout_Media\bulk_1000_female_10s\processed\cardio-low-impact-low-impact-burpee-steady.mp4","ee143f8b9395669dce604d28db56af74b6ee2c9051b1ea8048ccbb1bab4b4f50","27351336","G:\BIL_Workout_Media\bulk_1000_female_10s\raw\cardio-low-impact-low-impact-burpee-steady.mp4","processed","False","requires_release_review"
"cardio-low-impact|Stair march","cardio-low-impact-stair-march-steady","G:\BIL_Workout_Media\bulk_1000_female_10s\processed\cardio-low-impact-stair-march-steady.mp4","1e469297c5b2aebaa56aeaca14b8dd25da04d8e2ba18eaa6d715f4a9cd9b8376","22171907","G:\BIL_Workout_Media\bulk_1000_female_10s\raw\cardio-low-impact-stair-march-steady.mp4","processed","False","requires_release_review"
"cardio-low-impact|Standing walkout","cardio-low-impact-standing-walkout-steady","G:\BIL_Workout_Media\bulk_1000_female_10s\processed\cardio-low-impact-standing-walkout-steady.mp4","fed2e8689ed5ed96965dbe3e1cbbd2e47815bfe63c773bf146449e44b14de649","16781080","G:\BIL_Workout_Media\bulk_1000_female_10s\raw\cardio-low-impact-standing-walkout-steady.mp4","processed","False","requires_release_review"
"cardio-low-impact|Low-impact shadow boxing","cardio-low-impact-low-impact-shadow-boxing-steady","G:\BIL_Workout_Media\bulk_1000_female_10s\processed\cardio-low-impact-low-impact-shadow-boxing-steady.mp4","e544fcfe45427ec1f49ff578d5b4da8b03bc4695aaba278e1f089c230ec4296d","28603523","G:\BIL_Workout_Media\bulk_1000_female_10s\raw\cardio-low-impact-low-impact-shadow-boxing-steady.mp4","processed","False","requires_release_review"
"cardio-low-impact|Side-to-side dance step","cardio-low-impact-side-dance-step-steady","G:\BIL_Workout_Media\bulk_1000_female_10s\processed\cardio-low-impact-side-dance-step-steady.mp4","e31833c3ffd4bb8e5cffda957fca734736a8d834b4d8a8657a0aa83494a9ae40","24421993","G:\BIL_Workout_Media\bulk_1000_female_10s\raw\cardio-low-impact-side-dance-step-steady.mp4","processed","False","requires_release_review"
"cardio-conditioning|Jumping jack","cardio-conditioning-jumping-jack-technique","G:\BIL_Workout_Media\bulk_1000_female_10s\processed\cardio-conditioning-jumping-jack-technique.mp4","efb19c69f9dbeb4f9a4148e8278412465ade474719e109ad5556b798cccdb3c9","24504254","G:\BIL_Workout_Media\bulk_1000_female_10s\raw\cardio-conditioning-jumping-jack-technique.mp4","processed","False","requires_release_review"
"cardio-conditioning|High knees","cardio-conditioning-high-knees-technique","G:\BIL_Workout_Media\bulk_1000_female_10s\processed\cardio-conditioning-high-knees-technique.mp4","b71a97c3a2ed471c9da0bc67302137f5c3b7e8adc8a4c55b39cf7b9c1e61d74e","24266212","G:\BIL_Workout_Media\bulk_1000_female_10s\raw\cardio-conditioning-high-knees-technique.mp4","processed","False","requires_release_review"
"cardio-conditioning|Butt kicks","cardio-conditioning-butt-kicks-technique","G:\BIL_Workout_Media\bulk_1000_female_10s\processed\cardio-conditioning-butt-kicks-technique.mp4","ed29988d9085b2d36a7266ee7f1f1b9e0a82e9749f20733dcb5f5d00d6047fa5","27169946","G:\BIL_Workout_Media\bulk_1000_female_10s\raw\cardio-conditioning-butt-kicks-technique.mp4","processed","False","requires_release_review"
"cardio-conditioning|Skater jump","cardio-conditioning-skater-jump-technique","G:\BIL_Workout_Media\bulk_1000_female_10s\processed\cardio-conditioning-skater-jump-technique.mp4","d7d86e23b02efabce0ea59e306d840bd2cbb386190847684bc1757b51e088741","21713555","G:\BIL_Workout_Media\bulk_1000_female_10s\raw\cardio-conditioning-skater-jump-technique.mp4","processed","False","requires_release_review"
"cardio-conditioning|Mountain climber","cardio-conditioning-mountain-climber-technique","G:\BIL_Workout_Media\bulk_1000_female_10s\processed\cardio-conditioning-mountain-climber-technique.mp4","908e6c03f780db79db1663c07354dffdaa8e090462f60fa7eaa6b782b8cf3bdf","13030425","G:\BIL_Workout_Media\bulk_1000_female_10s\raw\cardio-conditioning-mountain-climber-technique.mp4","processed","False","requires_release_review"
"cardio-conditioning|Squat thrust","cardio-conditioning-squat-thrust-technique","G:\BIL_Workout_Media\bulk_1000_female_10s\processed\cardio-conditioning-squat-thrust-technique.mp4","3b8486b09c8dcb99a212648df487023113886dc0688a7584ef276c8e56f20bb9","12700170","G:\BIL_Workout_Media\bulk_1000_female_10s\raw\cardio-conditioning-squat-thrust-technique.mp4","processed","False","requires_release_review"
"cardio-conditioning|Burpee","cardio-conditioning-burpee-technique","G:\BIL_Workout_Media\bulk_1000_female_10s\processed\cardio-conditioning-burpee-technique.mp4","9680db65337659ff5b2e5d9e001cde6b7c5536dbac5247bc2d76e2fc8df1d49c","27752391","G:\BIL_Workout_Media\bulk_1000_female_10s\raw\cardio-conditioning-burpee-technique.mp4","processed","False","requires_release_review"
"cardio-conditioning|Lateral shuffle","cardio-conditioning-lateral-shuffle-technique","G:\BIL_Workout_Media\bulk_1000_female_10s\processed\cardio-conditioning-lateral-shuffle-technique.mp4","f830f2da7f02b40ed8b7373c3dc3bc1c04928211d7f04a2ae6493a10f44c8624","19656489","G:\BIL_Workout_Media\bulk_1000_female_10s\raw\cardio-conditioning-lateral-shuffle-technique.mp4","processed","False","requires_release_review"
"cardio-conditioning|Short shuttle run","cardio-conditioning-short-shuttle-run-technique","G:\BIL_Workout_Media\bulk_1000_female_10s\processed\cardio-conditioning-short-shuttle-run-technique.mp4","faa3502b46e023f99504c5ed34b9189fe1f0ec44dba0124bc3f95bbca744b24b","32216360","G:\BIL_Workout_Media\bulk_1000_female_10s\raw\cardio-conditioning-short-shuttle-run-technique.mp4","processed","False","requires_release_review"
"cardio-conditioning|Jump rope","cardio-conditioning-jump-rope-technique","G:\BIL_Workout_Media\bulk_1000_female_10s\processed\cardio-conditioning-jump-rope-technique.mp4","97df97cdf87cb4564c009cc779215b6964d1455af31980fc56a6d8407cd8165d","26154109","G:\BIL_Workout_Media\bulk_1000_female_10s\raw\cardio-conditioning-jump-rope-technique.mp4","processed","False","requires_release_review"
"cardio-conditioning|Speed skater","cardio-conditioning-speed-skater-technique","G:\BIL_Workout_Media\bulk_1000_female_10s\processed\cardio-conditioning-speed-skater-technique.mp4","f5b877b016eeef9eb893626206202069270c2f6f8aaeac90ad3fa1f7662d162f","32402257","G:\BIL_Workout_Media\bulk_1000_female_10s\raw\cardio-conditioning-speed-skater-technique.mp4","processed","False","requires_release_review"
"cardio-conditioning|Power knee drive","cardio-conditioning-power-knee-drive-technique","G:\BIL_Workout_Media\bulk_1000_female_10s\processed\cardio-conditioning-power-knee-drive-technique.mp4","fd1b8b8fe64477a67af7da5ae3e814a9e4f4a38755ccb694fed8b1b216693442","20397381","G:\BIL_Workout_Media\bulk_1000_female_10s\raw\cardio-conditioning-power-knee-drive-technique.mp4","processed","False","requires_release_review"
"cardio-conditioning|Split jack","cardio-conditioning-split-jack-technique","G:\BIL_Workout_Media\bulk_1000_female_10s\processed\cardio-conditioning-split-jack-technique.mp4","97fdb12249150294803ebf530dddc59396695dbee476c0d25bde39e9623f644d","34849386","G:\BIL_Workout_Media\bulk_1000_female_10s\raw\cardio-conditioning-split-jack-technique.mp4","processed","False","requires_release_review"
"cardio-conditioning|Seal jack","cardio-conditioning-seal-jack-technique","G:\BIL_Workout_Media\bulk_1000_female_10s\processed\cardio-conditioning-seal-jack-technique.mp4","cb7e2f7a41982b049e4fd88eb0e3582817c02e4527348d6578152d2a6ebe7772","27190542","G:\BIL_Workout_Media\bulk_1000_female_10s\raw\cardio-conditioning-seal-jack-technique.mp4","processed","False","requires_release_review"
"cardio-conditioning|Lateral line hop","cardio-conditioning-lateral-line-hop-technique","G:\BIL_Workout_Media\bulk_1000_female_10s\processed\cardio-conditioning-lateral-line-hop-technique.mp4","a3b020c9eb51b1f94f0ce4e079112a2b6c46d6e998fda9559ded8e357c5e2797","20053420","G:\BIL_Workout_Media\bulk_1000_female_10s\raw\cardio-conditioning-lateral-line-hop-technique.mp4","processed","False","requires_release_review"
"cardio-conditioning|Forward-back line hop","cardio-conditioning-forward-back-line-hop-technique","G:\BIL_Workout_Media\bulk_1000_female_10s\processed\cardio-conditioning-forward-back-line-hop-technique.mp4","4f3e468e98be148de7856d727a37829aeac07aa46896a554117564ef2628c85e","26335588","G:\BIL_Workout_Media\bulk_1000_female_10s\raw\cardio-conditioning-forward-back-line-hop-technique.mp4","processed","False","requires_release_review"
"cardio-conditioning|Plank jack","cardio-conditioning-plank-jack-technique","G:\BIL_Workout_Media\bulk_1000_female_10s\processed\cardio-conditioning-plank-jack-technique.mp4","01eb0f83988e4555c2e48237cca5ecd2cb29cefb2c4b3c8e6f8fe6e05cb06b7d","15736834","G:\BIL_Workout_Media\bulk_1000_female_10s\raw\cardio-conditioning-plank-jack-technique.mp4","processed","False","requires_release_review"
"cardio-conditioning|Squat jump","cardio-conditioning-squat-jump-technique","G:\BIL_Workout_Media\bulk_1000_female_10s\processed\cardio-conditioning-squat-jump-technique.mp4","f435009f253e90395a7f186374c4ddfd9d85503949d1468e1a35aa7cb363f8ef","18911950","G:\BIL_Workout_Media\bulk_1000_female_10s\raw\cardio-conditioning-squat-jump-technique.mp4","processed","False","requires_release_review"
"cardio-conditioning|Tuck jump","cardio-conditioning-tuck-jump-technique","G:\BIL_Workout_Media\bulk_1000_female_10s\processed\cardio-conditioning-tuck-jump-technique.mp4","757388878b6476ced4d3dd02d0c916b2888b4923f9fad2645f2f435e53c3915f","22416650","G:\BIL_Workout_Media\bulk_1000_female_10s\raw\cardio-conditioning-tuck-jump-technique.mp4","processed","False","requires_release_review"
"cardio-conditioning|Fast feet","cardio-conditioning-fast-feet-technique","G:\BIL_Workout_Media\bulk_1000_female_10s\processed\cardio-conditioning-fast-feet-technique.mp4","9b84191f35bd2474607514f24930a0e4e32ce921afdb0d27b09028a1d230018e","18730923","G:\BIL_Workout_Media\bulk_1000_female_10s\raw\cardio-conditioning-fast-feet-technique.mp4","processed","False","requires_release_review"
"home-bodyweight|Air squat","home-bodyweight-air-squat-standard","G:\BIL_Workout_Media\bulk_1000\processed\home-bodyweight-air-squat-standard.mp4","50877b1962a698e2fda0ffc4f0621230032a12bf6f4501df0700213278a4a4cc","8509428","G:\BIL_Workout_Media\bulk_1000\raw\home-bodyweight-air-squat-standard.mp4","processed","False","requires_release_review"
"home-bodyweight|Wall push-up","home-bodyweight-wall-push-up-standard","G:\BIL_Workout_Media\bulk_1000_female_10s\processed\home-bodyweight-wall-push-up-standard.mp4","7f248b7094170351eaa97d1978865e95dc5c74f240885bb3c0b843bcbd42c88a","24459750","G:\BIL_Workout_Media\bulk_1000_female_10s\raw\home-bodyweight-wall-push-up-standard.mp4","processed","False","requires_release_review"
"home-bodyweight|Counter incline push-up","home-bodyweight-counter-incline-push-up-standard","G:\BIL_Workout_Media\bulk_1000_female_10s\processed\home-bodyweight-counter-incline-push-up-standard.mp4","2e314851eef9f01bf8212e9ef875320c7e061158bd6cc1812a96935a54228118","18536601","G:\BIL_Workout_Media\bulk_1000_female_10s\raw\home-bodyweight-counter-incline-push-up-standard.mp4","processed","False","requires_release_review"
"home-bodyweight|Knee push-up","home-bodyweight-knee-push-up-standard","G:\BIL_Workout_Media\bulk_1000_female_10s\processed\home-bodyweight-knee-push-up-standard.mp4","911acaa649c3e2ad3e130d7a36a3cf64c1d0cbc0a15fd9a5dbbc92e1c90a83c1","24539668","G:\BIL_Workout_Media\bulk_1000_female_10s\raw\home-bodyweight-knee-push-up-standard.mp4","processed","False","requires_release_review"
"home-bodyweight|Standard push-up","home-bodyweight-standard-push-up-standard","G:\BIL_Workout_Media\bulk_1000_female_10s\processed\home-bodyweight-standard-push-up-standard.mp4","8e5f0c53815c32bf7bf8d3eb03d447cb55e35ee43488d6072d3b42009ea3f40c","14263169","G:\BIL_Workout_Media\bulk_1000_female_10s\raw\home-bodyweight-standard-push-up-standard.mp4","processed","False","requires_release_review"
"home-bodyweight|Glute bridge","home-bodyweight-glute-bridge-standard","G:\BIL_Workout_Media\bulk_1000_female_10s\processed\home-bodyweight-glute-bridge-standard.mp4","c1d06bb4926c300d706bc6fad3e4d10370ace92574d3f4519d60553d83d5a769","16970666","G:\BIL_Workout_Media\bulk_1000_female_10s\raw\home-bodyweight-glute-bridge-standard.mp4","processed","False","requires_release_review"
"home-bodyweight|Reverse lunge","home-bodyweight-reverse-lunge-standard","G:\BIL_Workout_Media\bulk_1000_female_10s\processed\home-bodyweight-reverse-lunge-standard.mp4","a68c00eee6bf5b201d72505e612fbcd218e2b8d49aa90421b0d0a4661a4aed66","27903233","G:\BIL_Workout_Media\bulk_1000_female_10s\raw\home-bodyweight-reverse-lunge-standard.mp4","processed","False","requires_release_review"
"home-bodyweight|Chair squat","home-bodyweight-chair-squat-standard","G:\BIL_Workout_Media\bulk_1000_female_10s\processed\home-bodyweight-chair-squat-standard.mp4","da3fa2cf313f11250803feac1e4a083638041103c7ca50c0b33f39c416396a96","28579285","G:\BIL_Workout_Media\bulk_1000_female_10s\raw\home-bodyweight-chair-squat-standard.mp4","processed","False","requires_release_review"
"home-bodyweight|Stair step-up","home-bodyweight-stair-step-up-standard","G:\BIL_Workout_Media\bulk_1000_female_10s\processed\home-bodyweight-stair-step-up-standard.mp4","e9b83f03e0e26cff44aa6ac7d4d3b543125047aae886d9fee960d6cdca9300e9","22881872","G:\BIL_Workout_Media\bulk_1000_female_10s\raw\home-bodyweight-stair-step-up-standard.mp4","processed","False","requires_release_review"
"home-bodyweight|Bench triceps dip","home-bodyweight-bench-triceps-dip-standard","G:\BIL_Workout_Media\bulk_1000_female_10s\processed\home-bodyweight-bench-triceps-dip-standard.mp4","43c603dd80f5aa970a269be3f8253836e4b9507724648bb9f627d10e6b501e0a","27354992","G:\BIL_Workout_Media\bulk_1000_female_10s\raw\home-bodyweight-bench-triceps-dip-standard.mp4","processed","False","requires_release_review"
"home-bodyweight|Bird dog","home-bodyweight-bird-dog-standard","G:\BIL_Workout_Media\bulk_1000_female_10s\processed\home-bodyweight-bird-dog-standard.mp4","6c7d5342edf197c56e11da3d501ce9c7192b641660e7f3d8530e8a1c0295f96e","27272287","G:\BIL_Workout_Media\bulk_1000_female_10s\raw\home-bodyweight-bird-dog-standard.mp4","processed","False","requires_release_review"
"home-bodyweight|Dead bug","home-bodyweight-dead-bug-standard","G:\BIL_Workout_Media\bulk_1000_female_10s\processed\home-bodyweight-dead-bug-standard.mp4","2b81b288187af6e874b3c0b6dbae6dadb1122dd8240795410a4c6515b49e97fc","26219248","G:\BIL_Workout_Media\bulk_1000_female_10s\raw\home-bodyweight-dead-bug-standard.mp4","processed","False","requires_release_review"
"home-bodyweight|Forearm plank","home-bodyweight-forearm-plank-standard","G:\BIL_Workout_Media\bulk_1000_female_10s\processed\home-bodyweight-forearm-plank-standard.mp4","610ca703b0e6121027f48b597d5542de221919e1f94cc119718d4061abf437b5","15357357","G:\BIL_Workout_Media\bulk_1000_female_10s\raw\home-bodyweight-forearm-plank-standard.mp4","processed","False","requires_release_review"
"home-bodyweight|Side plank from knees","home-bodyweight-side-plank-knees-standard","G:\BIL_Workout_Media\bulk_1000_female_10s\processed\home-bodyweight-side-plank-knees-standard.mp4","4476c3519cf47c0ca70ca59d4a8d84b222259a7979e5b17782757799a0e92a9b","25627737","G:\BIL_Workout_Media\bulk_1000_female_10s\raw\home-bodyweight-side-plank-knees-standard.mp4","processed","False","requires_release_review"
"home-bodyweight|Standing calf raise","home-bodyweight-standing-calf-raise-standard","G:\BIL_Workout_Media\bulk_1000_female_10s\processed\home-bodyweight-standing-calf-raise-standard.mp4","923bc641192d4a7d765b020b68df93099ea3b7c56b4bb272cad0164c84e5c4d7","24740965","G:\BIL_Workout_Media\bulk_1000_female_10s\raw\home-bodyweight-standing-calf-raise-standard.mp4","processed","False","requires_release_review"
"home-bodyweight|Prone back extension","home-bodyweight-prone-back-extension-standard","G:\BIL_Workout_Media\bulk_1000_female_10s\processed\home-bodyweight-prone-back-extension-standard.mp4","d090afe8d5c14cf13e13a2405989fe3c8cec99364728c1737d3e88ac026294b3","24771983","G:\BIL_Workout_Media\bulk_1000_female_10s\raw\home-bodyweight-prone-back-extension-standard.mp4","processed","False","requires_release_review"
"home-bodyweight|Prone Y raise","home-bodyweight-prone-y-raise-standard","G:\BIL_Workout_Media\bulk_1000_female_10s\processed\home-bodyweight-prone-y-raise-standard.mp4","c2b14d417f9fb6082b77d9c82bc13ed2894b5058937ed9dba2c98ff0fc723bb6","27853937","G:\BIL_Workout_Media\bulk_1000_female_10s\raw\home-bodyweight-prone-y-raise-standard.mp4","processed","False","requires_release_review"
"home-bodyweight|Wall sit","home-bodyweight-wall-sit-standard","G:\BIL_Workout_Media\bulk_1000_female_10s\processed\home-bodyweight-wall-sit-standard.mp4","28fd7b9ef1d7b7a26151d56166078187ce9bccf12652c0f0552340c2ae755d4a","24445090","G:\BIL_Workout_Media\bulk_1000_female_10s\raw\home-bodyweight-wall-sit-standard.mp4","processed","False","requires_release_review"
"home-bodyweight|Standing good morning","home-bodyweight-standing-good-morning-standard","G:\BIL_Workout_Media\bulk_1000_female_10s\processed\home-bodyweight-standing-good-morning-standard.mp4","127430d35edba47d7ac216ffea544b428853e0e9b5a1675345fcb701dc2b17f7","26269560","G:\BIL_Workout_Media\bulk_1000_female_10s\raw\home-bodyweight-standing-good-morning-standard.mp4","processed","False","requires_release_review"
"home-bodyweight|Bodyweight hip hinge","home-bodyweight-bodyweight-hip-hinge-standard","G:\BIL_Workout_Media\bulk_1000_female_10s\processed\home-bodyweight-bodyweight-hip-hinge-standard.mp4","645a8af0beb71b6342bd347063816a954adbbbed4e81d0f83e33b6042bc56047","24115044","G:\BIL_Workout_Media\bulk_1000_female_10s\raw\home-bodyweight-bodyweight-hip-hinge-standard.mp4","processed","False","requires_release_review"
"core-stability|Dead bug","core-stability-dead-bug-technique","G:\BIL_Workout_Media\bulk_1000_female_10s\processed\core-stability-dead-bug-technique.mp4","a6f3c4fbf26a081c67ce1639e92a50a79e86d65c367b00522723708658dde2d8","13895243","G:\BIL_Workout_Media\bulk_1000_female_10s\raw\core-stability-dead-bug-technique.mp4","processed","False","requires_release_review"
"core-stability|Bird dog","core-stability-bird-dog-technique","G:\BIL_Workout_Media\bulk_1000_female_10s\processed\core-stability-bird-dog-technique.mp4","0d9c8d796608e073e994863e7ad25a2cf56ebfeab45e71fa4a6b8522f12eef79","22809525","G:\BIL_Workout_Media\bulk_1000_female_10s\raw\core-stability-bird-dog-technique.mp4","processed","False","requires_release_review"
"core-stability|Forearm plank","core-stability-forearm-plank-technique","G:\BIL_Workout_Media\bulk_1000_female_10s\processed\core-stability-forearm-plank-technique.mp4","20e0e4c5d2465e88c4f85a4a43ee811b30ec6bcb4a27856dbdfdf56675789e26","18138361","G:\BIL_Workout_Media\bulk_1000_female_10s\raw\core-stability-forearm-plank-technique.mp4","processed","False","requires_release_review"
"core-stability|High plank","core-stability-high-plank-technique","G:\BIL_Workout_Media\bulk_1000_female_10s\processed\core-stability-high-plank-technique.mp4","dd7c2d7594e3ff041750b7b714720731826fed3471985c2ec972da1c615ba71a","22628490","G:\BIL_Workout_Media\bulk_1000_female_10s\raw\core-stability-high-plank-technique.mp4","processed","False","requires_release_review"
"core-stability|Side plank","core-stability-side-plank-technique","G:\BIL_Workout_Media\bulk_1000_female_10s\processed\core-stability-side-plank-technique.mp4","4308490c5db9fcfe91cd9ec81324377858a41c80afcbe12b1d68b3293832d62a","16754333","G:\BIL_Workout_Media\bulk_1000_female_10s\raw\core-stability-side-plank-technique.mp4","processed","False","requires_release_review"
"core-stability|Side plank from knees","core-stability-side-plank-knees-technique","G:\BIL_Workout_Media\bulk_1000_female_10s\processed\core-stability-side-plank-knees-technique.mp4","b3839cdbf84f09ee9314d98412237d6fc54639c15873dc207d5da9302ce54e6b","23417605","G:\BIL_Workout_Media\bulk_1000_female_10s\raw\core-stability-side-plank-knees-technique.mp4","processed","False","requires_release_review"
"core-stability|Glute bridge march","core-stability-glute-bridge-march-technique","G:\BIL_Workout_Media\bulk_1000_female_10s\processed\core-stability-glute-bridge-march-technique.mp4","c7076ecbe5674ed50aa4f17ee6daaec0ced695ab889ef3eab59ff453f923267d","25580070","G:\BIL_Workout_Media\bulk_1000_female_10s\raw\core-stability-glute-bridge-march-technique.mp4","processed","False","requires_release_review"
"core-stability|Supine heel tap","core-stability-supine-heel-tap-technique","G:\BIL_Workout_Media\bulk_1000_female_10s\processed\core-stability-supine-heel-tap-technique.mp4","2fdef20e682151625559dfce7d0c611ce9ca6582b78172f111471d325bca65cc","22054950","G:\BIL_Workout_Media\bulk_1000_female_10s\raw\core-stability-supine-heel-tap-technique.mp4","processed","False","requires_release_review"
"core-stability|Tabletop toe tap","core-stability-tabletop-toe-tap-technique","G:\BIL_Workout_Media\bulk_1000_female_10s\processed\core-stability-tabletop-toe-tap-technique.mp4","3ca54ed7a756d34e235e4893018bf4849875744b5cab1c9553f8a581e04d4302","20119083","G:\BIL_Workout_Media\bulk_1000_female_10s\raw\core-stability-tabletop-toe-tap-technique.mp4","processed","False","requires_release_review"
"core-stability|Bent-knee leg lower","core-stability-bent-knee-leg-lower-technique","G:\BIL_Workout_Media\bulk_1000_female_10s\processed\core-stability-bent-knee-leg-lower-technique.mp4","23f460f18e7d353c467e0014114796da7ba240c6c3ee0739753fadbe9d37bf7a","20078540","G:\BIL_Workout_Media\bulk_1000_female_10s\raw\core-stability-bent-knee-leg-lower-technique.mp4","processed","False","requires_release_review"
"core-stability|Reverse crunch","core-stability-reverse-crunch-technique","G:\BIL_Workout_Media\bulk_1000_female_10s\processed\core-stability-reverse-crunch-technique.mp4","8bb48e83182502ff2cb5e896b6d8e57fcb5e85b7657fd0553c41097fe9865ec1","15716149","G:\BIL_Workout_Media\bulk_1000_female_10s\raw\core-stability-reverse-crunch-technique.mp4","processed","False","requires_release_review"
"core-stability|Modified curl-up","core-stability-modified-curl-up-technique","G:\BIL_Workout_Media\bulk_1000_female_10s\processed\core-stability-modified-curl-up-technique.mp4","06d53e69e63bd01fb5f32790b65ecbf4c9f1789b038a9a3aebc12943e087cd3a","18005651","G:\BIL_Workout_Media\bulk_1000_female_10s\raw\core-stability-modified-curl-up-technique.mp4","processed","False","requires_release_review"
"core-stability|Bicycle crunch","core-stability-bicycle-crunch-technique",,,,,"none","False","missing_processed"
"core-stability|Slow mountain climber","core-stability-slow-mountain-climber-technique","G:\BIL_Workout_Media\bulk_1000_female_10s\processed\core-stability-slow-mountain-climber-technique.mp4","f50b3401d6726018235b2b478b2a1ef23f39b52c2d1b8fc818242765e4bf226f","19458724","G:\BIL_Workout_Media\bulk_1000_female_10s\raw\core-stability-slow-mountain-climber-technique.mp4","processed","False","requires_release_review"
"core-stability|Standing Pallof press","core-stability-standing-pallof-press-technique","G:\BIL_Workout_Media\bulk_1000_female_10s\processed\core-stability-standing-pallof-press-technique.mp4","d92f6a937d053f832161b3ba577c0f40e41234e7ec9b6a44dde79fe661c61f14","20091196","G:\BIL_Workout_Media\bulk_1000_female_10s\raw\core-stability-standing-pallof-press-technique.mp4","processed","False","requires_release_review"
"core-stability|Half-kneeling Pallof press","core-stability-half-kneeling-pallof-press-technique","G:\BIL_Workout_Media\bulk_1000_female_10s\processed\core-stability-half-kneeling-pallof-press-technique.mp4","67125187c3fb1e0dca16adad220a548d4dbf4f836be8cd6abcfa228fe83f6126","22443995","G:\BIL_Workout_Media\bulk_1000_female_10s\raw\core-stability-half-kneeling-pallof-press-technique.mp4","processed","False","requires_release_review"
"core-stability|Suitcase carry march","core-stability-suitcase-carry-march-technique","G:\BIL_Workout_Media\bulk_1000_female_10s\processed\core-stability-suitcase-carry-march-technique.mp4","294f8b183b2ceac4cdd9d180468da8d92f5a00934a83e8916b830232408800d7","22602487","G:\BIL_Workout_Media\bulk_1000_female_10s\raw\core-stability-suitcase-carry-march-technique.mp4","processed","False","requires_release_review"
"core-stability|Bear plank shoulder tap","core-stability-bear-plank-shoulder-tap-technique","G:\BIL_Workout_Media\bulk_1000_female_10s\processed\core-stability-bear-plank-shoulder-tap-technique.mp4","5eeb1e59c10ddfb90759eaccc10600e2b2747f179f49cab4303dad0871716bd3","19815239","G:\BIL_Workout_Media\bulk_1000_female_10s\raw\core-stability-bear-plank-shoulder-tap-technique.mp4","processed","False","requires_release_review"
"core-stability|Hollow-body tuck hold","core-stability-hollow-tuck-hold-technique","G:\BIL_Workout_Media\bulk_1000_female_10s\processed\core-stability-hollow-tuck-hold-technique.mp4","e54ac7df8c2c631fd6401c5c12b37c81fd3e2692d5ea3525c8e8d4f906832812","18626881","G:\BIL_Workout_Media\bulk_1000_female_10s\raw\core-stability-hollow-tuck-hold-technique.mp4","processed","False","requires_release_review"
"core-stability|Quadruped knee hover","core-stability-quadruped-knee-hover-technique","G:\BIL_Workout_Media\bulk_1000_female_10s\processed\core-stability-quadruped-knee-hover-technique.mp4","7422b0fbd29d3a1df3fc53ea39caf97b5ad8876fff49ddbd616f84a6c7696c0c","22882156","G:\BIL_Workout_Media\bulk_1000_female_10s\raw\core-stability-quadruped-knee-hover-technique.mp4","processed","False","requires_release_review"
"mobility-flexibility|Cat-cow","mobility-flexibility-cat-cow-gentle-flow","G:\BIL_Workout_Media\bulk_1000_female_10s\processed\mobility-flexibility-cat-cow-gentle-flow.mp4","0b92660416105281f91c516e0a67622f9d58cea1268a7a30c5208baf437210cd","23733751","G:\BIL_Workout_Media\bulk_1000_female_10s\raw\mobility-flexibility-cat-cow-gentle-flow.mp4","processed","False","requires_release_review"
"mobility-flexibility|Quadruped thoracic rotation","mobility-flexibility-quadruped-thoracic-rotation-gentle-flow","G:\BIL_Workout_Media\bulk_1000_female_10s\processed\mobility-flexibility-quadruped-thoracic-rotation-gentle-flow.mp4","3d31857ee1f001109334e4b153006766e04814600a8c74d40c17ef2648ac4447","24927859","G:\BIL_Workout_Media\bulk_1000_female_10s\raw\mobility-flexibility-quadruped-thoracic-rotation-gentle-flow.mp4","processed","False","requires_release_review"
"mobility-flexibility|Side-lying open book","mobility-flexibility-side-lying-open-book-gentle-flow","G:\BIL_Workout_Media\bulk_1000_female_10s\processed\mobility-flexibility-side-lying-open-book-gentle-flow.mp4","d8400d7abea4c8169ec72c97c88577e90ccc32b6a5e59af56caa88273293c65e","17236276","G:\BIL_Workout_Media\bulk_1000_female_10s\raw\mobility-flexibility-side-lying-open-book-gentle-flow.mp4","processed","False","requires_release_review"
"mobility-flexibility|Shoulder circles","mobility-flexibility-shoulder-circles-gentle-flow","G:\BIL_Workout_Media\bulk_1000_female_10s\processed\mobility-flexibility-shoulder-circles-gentle-flow.mp4","dd90effb4488bda15c93d9b34a80d68dc44a5a5917366484270a03083198fb07","12734495","G:\BIL_Workout_Media\bulk_1000_female_10s\raw\mobility-flexibility-shoulder-circles-gentle-flow.mp4","processed","False","requires_release_review"
"mobility-flexibility|Wall angel","mobility-flexibility-wall-angel-gentle-flow","G:\BIL_Workout_Media\bulk_1000_female_10s\processed\mobility-flexibility-wall-angel-gentle-flow.mp4","cfbaecdb9b92a03a6ba1d61c81ebb5e97c8cc26368ad56720b4b317783a2680e","12513916","G:\BIL_Workout_Media\bulk_1000_female_10s\raw\mobility-flexibility-wall-angel-gentle-flow.mp4","processed","False","requires_release_review"
"mobility-flexibility|Doorway chest stretch","mobility-flexibility-doorway-chest-stretch-gentle-flow","G:\BIL_Workout_Media\bulk_1000_female_10s\processed\mobility-flexibility-doorway-chest-stretch-gentle-flow.mp4","89586559ec50bd8bc53902306e64e09b874e5a57c1c3edd2d73e9c574b33c41e","11117800","G:\BIL_Workout_Media\bulk_1000_female_10s\raw\mobility-flexibility-doorway-chest-stretch-gentle-flow.mp4","processed","False","requires_release_review"
"mobility-flexibility|Neck rotation","mobility-flexibility-neck-rotation-gentle-flow","G:\BIL_Workout_Media\bulk_1000_female_10s\processed\mobility-flexibility-neck-rotation-gentle-flow.mp4","7b36a00c749e0ed1cb59203d45430c26e10e3984ad436c92dd8cce19ebd37437","13706845","G:\BIL_Workout_Media\bulk_1000_female_10s\raw\mobility-flexibility-neck-rotation-gentle-flow.mp4","processed","False","requires_release_review"
"mobility-flexibility|Half-kneeling hip-flexor stretch","mobility-flexibility-half-kneeling-hip-flexor-stretch-gentle-flow","G:\BIL_Workout_Media\bulk_1000_female_10s\processed\mobility-flexibility-half-kneeling-hip-flexor-stretch-gentle-flow.mp4","e6b45e14bc7c6419ef6d0a50c981d5f8b39e3303393f23eebf9bc3936ec89049","17864534","G:\BIL_Workout_Media\bulk_1000_female_10s\raw\mobility-flexibility-half-kneeling-hip-flexor-stretch-gentle-flow.mp4","processed","False","requires_release_review"
"mobility-flexibility|Ninety-ninety hip switch","mobility-flexibility-ninety-ninety-hip-switch-gentle-flow","G:\BIL_Workout_Media\bulk_1000_female_10s\processed\mobility-flexibility-ninety-ninety-hip-switch-gentle-flow.mp4","0f92338f009918311491c89ebbd2f21060d73301ecefb0e39edef9c4a8fe86a5","20974880","G:\BIL_Workout_Media\bulk_1000_female_10s\raw\mobility-flexibility-ninety-ninety-hip-switch-gentle-flow.mp4","processed","False","requires_release_review"
"mobility-flexibility|Seated hamstring stretch","mobility-flexibility-seated-hamstring-stretch-gentle-flow","G:\BIL_Workout_Media\bulk_1000_female_10s\processed\mobility-flexibility-seated-hamstring-stretch-gentle-flow.mp4","d05b909ad554c700e1dac1a6a5b8616297f250bf94561b7bebadb74a8ce2482d","14652187","G:\BIL_Workout_Media\bulk_1000_female_10s\raw\mobility-flexibility-seated-hamstring-stretch-gentle-flow.mp4","processed","False","requires_release_review"
"mobility-flexibility|Standing quadriceps stretch","mobility-flexibility-standing-quadriceps-stretch-gentle-flow","G:\BIL_Workout_Media\bulk_1000_female_10s\processed\mobility-flexibility-standing-quadriceps-stretch-gentle-flow.mp4","ffa5814fce3ea308bbb4339371e2cbcdc2556e65c838df2b00f77af3cd18d154","16270268","G:\BIL_Workout_Media\bulk_1000_female_10s\raw\mobility-flexibility-standing-quadriceps-stretch-gentle-flow.mp4","processed","False","requires_release_review"
"mobility-flexibility|Ankle dorsiflexion rock","mobility-flexibility-ankle-dorsiflexion-rock-gentle-flow","G:\BIL_Workout_Media\bulk_1000_female_10s\processed\mobility-flexibility-ankle-dorsiflexion-rock-gentle-flow.mp4","48c0545cf7d868e0107515343ed43696a0983ef7282daef0ad686fc699135498","20789208","G:\BIL_Workout_Media\bulk_1000_female_10s\raw\mobility-flexibility-ankle-dorsiflexion-rock-gentle-flow.mp4","processed","False","requires_release_review"
"mobility-flexibility|Standing calf stretch","mobility-flexibility-standing-calf-stretch-gentle-flow","G:\BIL_Workout_Media\bulk_1000_female_10s\processed\mobility-flexibility-standing-calf-stretch-gentle-flow.mp4","8ed6860801485375230550ccaa10f9caa2d9ac9950abeb200207cd78dceb4bd6","17276606","G:\BIL_Workout_Media\bulk_1000_female_10s\raw\mobility-flexibility-standing-calf-stretch-gentle-flow.mp4","processed","False","requires_release_review"
"mobility-flexibility|Supported deep-squat hold","mobility-flexibility-supported-deep-squat-hold-gentle-flow","G:\BIL_Workout_Media\bulk_1000_female_10s\processed\mobility-flexibility-supported-deep-squat-hold-gentle-flow.mp4","33b324acbf1fc667e4cda4c3a2f9d89955a84b71831fa6315402d47578e5bba2","17897279","G:\BIL_Workout_Media\bulk_1000_female_10s\raw\mobility-flexibility-supported-deep-squat-hold-gentle-flow.mp4","processed","False","requires_release_review"
"mobility-flexibility|Adductor rock-back","mobility-flexibility-adductor-rock-back-gentle-flow","G:\BIL_Workout_Media\bulk_1000_female_10s\processed\mobility-flexibility-adductor-rock-back-gentle-flow.mp4","210f7c8b75b0f5b759490bc69297aa2e034b422109087fdb8d38a15eff7de7c5","25336867","G:\BIL_Workout_Media\bulk_1000_female_10s\raw\mobility-flexibility-adductor-rock-back-gentle-flow.mp4","processed","False","requires_release_review"
"mobility-flexibility|Figure-four hip stretch","mobility-flexibility-figure-four-hip-stretch-gentle-flow","G:\BIL_Workout_Media\bulk_1000_female_10s\processed\mobility-flexibility-figure-four-hip-stretch-gentle-flow.mp4","a75427a02e9e798256219b99c91823be5f0bf97fe1f110464b2df54974ab8cff","23705134","G:\BIL_Workout_Media\bulk_1000_female_10s\raw\mobility-flexibility-figure-four-hip-stretch-gentle-flow.mp4","processed","False","requires_release_review"
"mobility-flexibility|Seated spinal rotation","mobility-flexibility-seated-spinal-rotation-gentle-flow","G:\BIL_Workout_Media\bulk_1000_female_10s\processed\mobility-flexibility-seated-spinal-rotation-gentle-flow.mp4","34b63de076f88a580309514cdf27925228790b3be75b9c8cf1f7588be3df126c","18582380","G:\BIL_Workout_Media\bulk_1000_female_10s\raw\mobility-flexibility-seated-spinal-rotation-gentle-flow.mp4","processed","False","requires_release_review"
"mobility-flexibility|Wrist mobility circles","mobility-flexibility-wrist-mobility-circles-gentle-flow","G:\BIL_Workout_Media\bulk_1000_female_10s\processed\mobility-flexibility-wrist-mobility-circles-gentle-flow.mp4","4d09105972a53372ff90efc1bbcdeeb73efaf90f739752fc71ead1b91371b4f1","16788335","G:\BIL_Workout_Media\bulk_1000_female_10s\raw\mobility-flexibility-wrist-mobility-circles-gentle-flow.mp4","processed","False","requires_release_review"
"mobility-flexibility|Scapular controlled rotation","mobility-flexibility-scapular-controlled-rotation-gentle-flow","G:\BIL_Workout_Media\bulk_1000_female_10s\processed\mobility-flexibility-scapular-controlled-rotation-gentle-flow.mp4","2a2774731177e478e0d682f7db23a654940bf77e94203689c8d095d090a49bbb","18878772","G:\BIL_Workout_Media\bulk_1000_female_10s\raw\mobility-flexibility-scapular-controlled-rotation-gentle-flow.mp4","processed","False","requires_release_review"
"mobility-flexibility|Standing hip controlled rotation","mobility-flexibility-standing-hip-controlled-rotation-gentle-flow","G:\BIL_Workout_Media\bulk_1000_female_10s\processed\mobility-flexibility-standing-hip-controlled-rotation-gentle-flow.mp4","b1ab953ac21acafc32fcd39662d32017e94d46384246a1fd2d761ea4bd16201f","20119744","G:\BIL_Workout_Media\bulk_1000_female_10s\raw\mobility-flexibility-standing-hip-controlled-rotation-gentle-flow.mp4","processed","False","requires_release_review"
"balance-coordination|Single-leg stance","balance-coordination-single-leg-stance-supported","G:\BIL_Workout_Media\bulk_1000_female_10s\processed\balance-coordination-single-leg-stance-supported.mp4","e5c8d80d996ed93f83d45cb75297850e6a5e7b26c32ed9a315ab4e9e7c756e79","19295115","G:\BIL_Workout_Media\bulk_1000_female_10s\raw\balance-coordination-single-leg-stance-supported.mp4","processed","False","requires_release_review"
"balance-coordination|Tandem stance","balance-coordination-tandem-stance-supported","G:\BIL_Workout_Media\bulk_1000_female_10s\processed\balance-coordination-tandem-stance-supported.mp4","93b029b3f0f046557df067a4d272583f87f8673ccb178110ff3dd1b5aae93adb","20022551","G:\BIL_Workout_Media\bulk_1000_female_10s\raw\balance-coordination-tandem-stance-supported.mp4","processed","False","requires_release_review"
"balance-coordination|Heel-to-toe walk","balance-coordination-heel-to-toe-walk-supported","G:\BIL_Workout_Media\bulk_1000_female_10s\processed\balance-coordination-heel-to-toe-walk-supported.mp4","edc43e3ce2e3bdd50df8636dec8e96ee046e05c14a64a55d2536f94863618f52","34914467","G:\BIL_Workout_Media\bulk_1000_female_10s\raw\balance-coordination-heel-to-toe-walk-supported.mp4","processed","False","requires_release_review"
"balance-coordination|Single-leg forward reach","balance-coordination-single-leg-forward-reach-supported","G:\BIL_Workout_Media\bulk_1000_female_10s\processed\balance-coordination-single-leg-forward-reach-supported.mp4","973a81d08cab27cf235d4c46c9375df51b2c27cdb1245cd7e6a561e6eca0f2fb","11202560","G:\BIL_Workout_Media\bulk_1000_female_10s\raw\balance-coordination-single-leg-forward-reach-supported.mp4","processed","False","requires_release_review"
"balance-coordination|Clock reach","balance-coordination-clock-reach-supported","G:\BIL_Workout_Media\bulk_1000_female_10s\processed\balance-coordination-clock-reach-supported.mp4","6984aac8d75f1a81790e0ec266b97e7926dc2adcdb2f464e4f74a514acaff9f3","19703478","G:\BIL_Workout_Media\bulk_1000_female_10s\raw\balance-coordination-clock-reach-supported.mp4","processed","False","requires_release_review"
"balance-coordination|Lateral step and hold","balance-coordination-lateral-step-hold-supported","G:\BIL_Workout_Media\bulk_1000_female_10s\processed\balance-coordination-lateral-step-hold-supported.mp4","2ae6718af5d94d201ce0f1a8315a528b2ff61638e6f7834e4512a47651594f09","20992750","G:\BIL_Workout_Media\bulk_1000_female_10s\raw\balance-coordination-lateral-step-hold-supported.mp4","processed","False","requires_release_review"
"balance-coordination|Forward step and hold","balance-coordination-forward-step-hold-supported","G:\BIL_Workout_Media\bulk_1000_female_10s\processed\balance-coordination-forward-step-hold-supported.mp4","82fc090c5f320c6214dad78747f951ca3e4ef364fa976fdc7fd05cd93fa0ae3d","21677414","G:\BIL_Workout_Media\bulk_1000_female_10s\raw\balance-coordination-forward-step-hold-supported.mp4","processed","False","requires_release_review"
"balance-coordination|Reverse step and hold","balance-coordination-reverse-step-hold-supported","G:\BIL_Workout_Media\bulk_1000_female_10s\processed\balance-coordination-reverse-step-hold-supported.mp4","067b9ef57cb686af1d160698b18df5be5c910598d8430f068f3c4806050f23d8","17113763","G:\BIL_Workout_Media\bulk_1000_female_10s\raw\balance-coordination-reverse-step-hold-supported.mp4","processed","False","requires_release_review"
"balance-coordination|Single-leg calf raise","balance-coordination-single-leg-calf-raise-supported","G:\BIL_Workout_Media\bulk_1000_female_10s\processed\balance-coordination-single-leg-calf-raise-supported.mp4","6c4d7abddddd6ef42a57867c98a7c2f852de3122acfd3f94edfb4972e048f4b7","14186116","G:\BIL_Workout_Media\bulk_1000_female_10s\raw\balance-coordination-single-leg-calf-raise-supported.mp4","processed","False","requires_release_review"
"balance-coordination|Standing knee-lift hold","balance-coordination-standing-knee-lift-hold-supported","G:\BIL_Workout_Media\bulk_1000_female_10s\processed\balance-coordination-standing-knee-lift-hold-supported.mp4","5801832f9e6503355d8e73171d96569ddeaca1d0ce8622f9adbbbc6062e838f4","21612659","G:\BIL_Workout_Media\bulk_1000_female_10s\raw\balance-coordination-standing-knee-lift-hold-supported.mp4","processed","False","requires_release_review"
"balance-coordination|Supported tree pose","balance-coordination-supported-tree-pose-supported","G:\BIL_Workout_Media\bulk_1000_female_10s\processed\balance-coordination-supported-tree-pose-supported.mp4","641c4f7103ef39a9af168c6330c8187147cf4ff71e8957780cd5e3fce4bafbf3","10528626","G:\BIL_Workout_Media\bulk_1000_female_10s\raw\balance-coordination-supported-tree-pose-supported.mp4","processed","False","requires_release_review"
"balance-coordination|Supported warrior-three balance","balance-coordination-supported-warrior-three-supported","G:\BIL_Workout_Media\bulk_1000_female_10s\processed\balance-coordination-supported-warrior-three-supported.mp4","7b7e334d100602aec6a2819a70fbc2b3a4fc37011d371f413e44f190ad5ee3e9","13473003","G:\BIL_Workout_Media\bulk_1000_female_10s\raw\balance-coordination-supported-warrior-three-supported.mp4","processed","False","requires_release_review"
"balance-coordination|Airplane balance","balance-coordination-airplane-balance-supported","G:\BIL_Workout_Media\bulk_1000_female_10s\processed\balance-coordination-airplane-balance-supported.mp4","1fb3645c3e0025d49f81d54edd1f02b5f90b8a104d349f2ef11c4f4ee068a1bd","23928279","G:\BIL_Workout_Media\bulk_1000_female_10s\raw\balance-coordination-airplane-balance-supported.mp4","processed","False","requires_release_review"
"balance-coordination|Single-leg hinge reach","balance-coordination-single-leg-hinge-reach-supported","G:\BIL_Workout_Media\bulk_1000_female_10s\processed\balance-coordination-single-leg-hinge-reach-supported.mp4","fdee49f2e9918a0f31cfdd6ca9a376b996d8f52a227c4a7f6c279ded656b5c80","23556410","G:\BIL_Workout_Media\bulk_1000_female_10s\raw\balance-coordination-single-leg-hinge-reach-supported.mp4","processed","False","requires_release_review"
"balance-coordination|Low step-over drill","balance-coordination-low-step-over-drill-supported","G:\BIL_Workout_Media\bulk_1000_female_10s\processed\balance-coordination-low-step-over-drill-supported.mp4","1a611916d701fcc44abd358ead4b7c08c68bfe538995b7f593a0595be5ab331f","17962308","G:\BIL_Workout_Media\bulk_1000_female_10s\raw\balance-coordination-low-step-over-drill-supported.mp4","processed","False","requires_release_review"
"balance-coordination|Backward line walk","balance-coordination-backward-line-walk-supported","G:\BIL_Workout_Media\bulk_1000_female_10s\processed\balance-coordination-backward-line-walk-supported.mp4","f98f77add88dfeb3d3942de026e723968ad086a85c18e99e4340874e3d9b23b1","27904155","G:\BIL_Workout_Media\bulk_1000_female_10s\raw\balance-coordination-backward-line-walk-supported.mp4","processed","False","requires_release_review"
"balance-coordination|Toe walk","balance-coordination-toe-walk-supported","G:\BIL_Workout_Media\bulk_1000_female_10s\processed\balance-coordination-toe-walk-supported.mp4","35c4e928dac7fa4852ed9940b157f3dc5c84c4f6c6b4bbf21f387e3ea34bfe02","24719396","G:\BIL_Workout_Media\bulk_1000_female_10s\raw\balance-coordination-toe-walk-supported.mp4","processed","False","requires_release_review"
"balance-coordination|Heel walk","balance-coordination-heel-walk-supported","G:\BIL_Workout_Media\bulk_1000_female_10s\processed\balance-coordination-heel-walk-supported.mp4","9411f3afcaca39b746a9e42c4977f1014414743c067a370dda615df28dfa0c11","15766946","G:\BIL_Workout_Media\bulk_1000_female_10s\raw\balance-coordination-heel-walk-supported.mp4","processed","False","requires_release_review"
"balance-coordination|Side-leg raise hold","balance-coordination-side-leg-raise-hold-supported","G:\BIL_Workout_Media\bulk_1000_female_10s\processed\balance-coordination-side-leg-raise-hold-supported.mp4","a507a3e578915e9e1512d6c769dad673cc04bf6921103ddb8b45371a88a02a4a","10168237","G:\BIL_Workout_Media\bulk_1000_female_10s\raw\balance-coordination-side-leg-raise-hold-supported.mp4","processed","False","requires_release_review"
"balance-coordination|Alternating balance march","balance-coordination-alternating-balance-march-supported","G:\BIL_Workout_Media\bulk_1000_female_10s\processed\balance-coordination-alternating-balance-march-supported.mp4","a244fc1fda21117e9f6db97b07458d7e9dea0c5cb0bb1dda4f61fbfbe61f47df","11184134","G:\BIL_Workout_Media\bulk_1000_female_10s\raw\balance-coordination-alternating-balance-march-supported.mp4","processed","False","requires_release_review"
"recovery-beginner|Diaphragmatic breathing","recovery-beginner-diaphragmatic-breathing-gentle","G:\BIL_Workout_Media\bulk_1000_female_10s\processed\recovery-beginner-diaphragmatic-breathing-gentle.mp4","6d0c08764b9767adc83a406d9e8abab8355a1c88abf40f743c35b563e9919603","17320998","G:\BIL_Workout_Media\bulk_1000_female_10s\raw\recovery-beginner-diaphragmatic-breathing-gentle.mp4","processed","False","requires_release_review"
"recovery-beginner|Box breathing","recovery-beginner-box-breathing-gentle","G:\BIL_Workout_Media\bulk_1000_female_10s\processed\recovery-beginner-box-breathing-gentle.mp4","fa0fb327cd16649aea2538113cc8b28e2a6e692696ee718abadca42720d60de1","22265233","G:\BIL_Workout_Media\bulk_1000_female_10s\raw\recovery-beginner-box-breathing-gentle.mp4","processed","False","requires_release_review"
"recovery-beginner|Four-six breathing","recovery-beginner-four-six-breathing-gentle","G:\BIL_Workout_Media\bulk_1000_female_10s\processed\recovery-beginner-four-six-breathing-gentle.mp4","eb92b09e68b885d2372586189c8997d8af05381175a27cca25dba0a5403b95f9","24992629","G:\BIL_Workout_Media\bulk_1000_female_10s\raw\recovery-beginner-four-six-breathing-gentle.mp4","processed","False","requires_release_review"
"recovery-beginner|Supine relaxed breathing","recovery-beginner-supine-relaxed-breathing-gentle","G:\BIL_Workout_Media\bulk_1000_female_10s\processed\recovery-beginner-supine-relaxed-breathing-gentle.mp4","40eab489560f7197379143b27228b486a69e14575cd8402dfa9086df1211807f","28631954","G:\BIL_Workout_Media\bulk_1000_female_10s\raw\recovery-beginner-supine-relaxed-breathing-gentle.mp4","processed","False","requires_release_review"
"recovery-beginner|Legs-up-wall breathing","recovery-beginner-legs-up-wall-breathing-gentle","G:\BIL_Workout_Media\bulk_1000_female_10s\processed\recovery-beginner-legs-up-wall-breathing-gentle.mp4","7d0f41f9696e03409c4574a7e008a757fb6fea8ce54cb4cc20c2df22b76cf632","14343732","G:\BIL_Workout_Media\bulk_1000_female_10s\raw\recovery-beginner-legs-up-wall-breathing-gentle.mp4","processed","False","requires_release_review"
"recovery-beginner|Gentle neck side tilt","recovery-beginner-gentle-neck-side-tilt-gentle","G:\BIL_Workout_Media\bulk_1000_female_10s\processed\recovery-beginner-gentle-neck-side-tilt-gentle.mp4","e49c7c81cc45f98b8d2bcf1a3c791ccb6bf23cf5ebcd3f3965754507fefbc628","22504557","G:\BIL_Workout_Media\bulk_1000_female_10s\raw\recovery-beginner-gentle-neck-side-tilt-gentle.mp4","processed","False","requires_release_review"
"recovery-beginner|Shoulder shrug release","recovery-beginner-shoulder-shrug-release-gentle","G:\BIL_Workout_Media\bulk_1000_female_10s\processed\recovery-beginner-shoulder-shrug-release-gentle.mp4","2b81af2d8de34b83ed15db45bc0aa7a30b618183cb67941a70074018e5457bee","23020579","G:\BIL_Workout_Media\bulk_1000_female_10s\raw\recovery-beginner-shoulder-shrug-release-gentle.mp4","processed","False","requires_release_review"
"recovery-beginner|Wrist flexor stretch","recovery-beginner-wrist-flexor-stretch-gentle","G:\BIL_Workout_Media\bulk_1000_female_10s\processed\recovery-beginner-wrist-flexor-stretch-gentle.mp4","7dd527ce634c0cb626afd764ab50f54505cf7809716b873e3800524bef9cc3f0","19604697","G:\BIL_Workout_Media\bulk_1000_female_10s\raw\recovery-beginner-wrist-flexor-stretch-gentle.mp4","processed","False","requires_release_review"
"recovery-beginner|Wrist extensor stretch","recovery-beginner-wrist-extensor-stretch-gentle","G:\BIL_Workout_Media\bulk_1000_female_10s\processed\recovery-beginner-wrist-extensor-stretch-gentle.mp4","f4a3e848f5a3ba6ff954dabcbb3d517f80852b4c2f3c7b03a588a761ffff8a73","21681292","G:\BIL_Workout_Media\bulk_1000_female_10s\raw\recovery-beginner-wrist-extensor-stretch-gentle.mp4","processed","False","requires_release_review"
"recovery-beginner|Seated side bend","recovery-beginner-seated-side-bend-gentle","G:\BIL_Workout_Media\bulk_1000_female_10s\processed\recovery-beginner-seated-side-bend-gentle.mp4","84d54dab68d5fac8a151e838c2e1189570c03f0bf5c579e2746395a807097ae9","20811580","G:\BIL_Workout_Media\bulk_1000_female_10s\raw\recovery-beginner-seated-side-bend-gentle.mp4","processed","False","requires_release_review"
"recovery-beginner|Seated thoracic rotation","recovery-beginner-seated-thoracic-rotation-gentle","G:\BIL_Workout_Media\bulk_1000_female_10s\processed\recovery-beginner-seated-thoracic-rotation-gentle.mp4","30f88002649d4042abe26412a8f91e86953a2289f468f9bfdf23818541513e0e","20953346","G:\BIL_Workout_Media\bulk_1000_female_10s\raw\recovery-beginner-seated-thoracic-rotation-gentle.mp4","processed","False","requires_release_review"
"recovery-beginner|Supine knee-to-chest","recovery-beginner-supine-knee-to-chest-gentle","G:\BIL_Workout_Media\bulk_1000_female_10s\processed\recovery-beginner-supine-knee-to-chest-gentle.mp4","16425e10da6bd18264dbcf53890cfdd6c3534b7fe2033302d5a6346689455bca","22914140","G:\BIL_Workout_Media\bulk_1000_female_10s\raw\recovery-beginner-supine-knee-to-chest-gentle.mp4","processed","False","requires_release_review"
"recovery-beginner|Supine hamstring stretch","recovery-beginner-supine-hamstring-stretch-gentle","G:\BIL_Workout_Media\bulk_1000_female_10s\processed\recovery-beginner-supine-hamstring-stretch-gentle.mp4","111e9f20060eb9dd5037dd74f20f40cdc49a3ddfefec79d2311260dda2899036","28922833","G:\BIL_Workout_Media\bulk_1000_female_10s\raw\recovery-beginner-supine-hamstring-stretch-gentle.mp4","processed","False","requires_release_review"
"recovery-beginner|Reclined figure-four stretch","recovery-beginner-reclined-figure-four-gentle","G:\BIL_Workout_Media\bulk_1000_female_10s\processed\recovery-beginner-reclined-figure-four-gentle.mp4","cc2a3fd4bd580dc3a1dafe4fd9d279d3b51f48c717d6c495c8c7f079ce168655","17174137","G:\BIL_Workout_Media\bulk_1000_female_10s\raw\recovery-beginner-reclined-figure-four-gentle.mp4","processed","False","requires_release_review"
"recovery-beginner|Supine pelvic tilt","recovery-beginner-supine-pelvic-tilt-gentle","G:\BIL_Workout_Media\bulk_1000_female_10s\processed\recovery-beginner-supine-pelvic-tilt-gentle.mp4","1d7ef75009f9fd408b1cf54bf44117aa95b04118262ced7f42ecebebc86d3f8e","21909575","G:\BIL_Workout_Media\bulk_1000_female_10s\raw\recovery-beginner-supine-pelvic-tilt-gentle.mp4","processed","False","requires_release_review"
"recovery-beginner|Lower-trunk rotation","recovery-beginner-lower-trunk-rotation-gentle","G:\BIL_Workout_Media\bulk_1000_female_10s\processed\recovery-beginner-lower-trunk-rotation-gentle.mp4","09b750df9ba54205f28711137d63c70321b417d76de768d15e0731cbf714f26c","23971165","G:\BIL_Workout_Media\bulk_1000_female_10s\raw\recovery-beginner-lower-trunk-rotation-gentle.mp4","processed","False","requires_release_review"
"recovery-beginner|Ankle circles","recovery-beginner-ankle-circles-gentle","G:\BIL_Workout_Media\bulk_1000_female_10s\processed\recovery-beginner-ankle-circles-gentle.mp4","4fa276c93ac6173ebab08e97bb69c3b233e329bc1e16ecb750644e239b161d17","23578825","G:\BIL_Workout_Media\bulk_1000_female_10s\raw\recovery-beginner-ankle-circles-gentle.mp4","processed","False","requires_release_review"
"recovery-beginner|Seated calf pump","recovery-beginner-seated-calf-pump-gentle","G:\BIL_Workout_Media\bulk_1000_female_10s\processed\recovery-beginner-seated-calf-pump-gentle.mp4","75ba43223430bd7685443b6f94ec306f61cb56beec155d5535b9f4561bd82e42","23377321","G:\BIL_Workout_Media\bulk_1000_female_10s\raw\recovery-beginner-seated-calf-pump-gentle.mp4","processed","False","requires_release_review"
"recovery-beginner|Supported child's pose","recovery-beginner-supported-childs-pose-gentle","G:\BIL_Workout_Media\bulk_1000_female_10s\processed\recovery-beginner-supported-childs-pose-gentle.mp4","6e3a90b5aca3f21f7ff89f9aaae433e88bea4af225d4c5f6117d1c88475fd785","14461217","G:\BIL_Workout_Media\bulk_1000_female_10s\raw\recovery-beginner-supported-childs-pose-gentle.mp4","processed","False","requires_release_review"
"recovery-beginner|Supported standing reach","recovery-beginner-supported-standing-reach-gentle","G:\BIL_Workout_Media\bulk_1000_female_10s\processed\recovery-beginner-supported-standing-reach-gentle.mp4","b83269300f2644d95b95a26e52293bdc995e60c32ec40608fea2f8093ee076d3","25262390","G:\BIL_Workout_Media\bulk_1000_female_10s\raw\recovery-beginner-supported-standing-reach-gentle.mp4","processed","False","requires_release_review"
